Query#,NounePhrase,IsBig,tf,idf,ridf,wig,label,hk(ci),P(ci|q)
1,Document,1,13415,4.784014746,0.76211006,-14.38867928,0,0.001,0.000586854
1,government assistance,0,111,11.14109625,0.260084708,-5666.513499,0,0.366,0.214788732
1,Airbus Industrie,1,165,10.54333247,0.229820985,-3595.582131,1,0.728,0.427230047
1,trade dispute,0,99,11.18814482,0.143675538,-6460.560481,0,0.411,0.241197183
1,Airbus,1,1044,8.655944983,0.993679978,-408.6588679,0,0.195,0.11443662
1,U.S.,1,124379,1.927101869,0.759414532,0,0,0.003,0.001760563
2,Document,1,13415,4.784014746,0.76211006,-14.38867928,0,0.003,0.1
2,sanctions,0,3616,6.702504511,0.822760112,-86.42914593,0,0.026,0.866666667
2,South Africa,1,12090,5.927062896,1.75961796,-16.81594836,1,0.001,0.033333333
3,Document,1,13415,4.784014746,0.76211006,-14.38867928,0,0.001,0.001375516
3,leveraged buyout,0,1069,8.252320449,0.624077967,-395.234298,1,0.037,0.050894085
3,200 million dollars,0,1,17.10302821,0.415037499,-1060806.438,0,0.689,0.947730399
4,Document,1,13415,4.784014746,0.76211006,-14.38867928,0,0.003,0.002561913
4,contract or preliminary agreement,0,0,18.68799071,1.000003416,0,1,0.411,0.350982067
4,tentative reservation,0,0,18.68799071,1.000003416,0,0,0.346,0.295473954
4,commercial satellite,0,24,13.13340186,0.089188769,-32062.32416,0,0.411,0.350982067
5,Document,1,13415,4.784014746,0.76211006,-14.38867928,0,0.001,0.001251564
5,insider-trading case,0,9,14.60052787,0.234437925,-95482.20602,1,0.798,0.998748436
6,Document,1,13415,4.784014746,0.76211006,-14.38867928,0,0.001,0.001243781
6,prediction,0,1234,7.644279847,0.222374466,-331.4102496,0,0.026,0.032338308
6,prime lending rate,0,237,9.903355864,0.109376794,-2361.373926,1,0.411,0.51119403
6,actual prime rate move,0,0,18.68799071,1.000003416,0,0,0.366,0.455223881
7,Document,1,13415,4.784014746,0.76211006,-14.38867928,0,0.001,0.001129944
7,MCI,1,912,9.158560156,1.301929551,-481.2162538,1,0.195,0.220338983
7,Bell System breakup,0,9,14.4400632,0.073973253,-95482.02543,0,0.689,0.778531073
8,Document,1,13415,4.784014746,0.76211006,-14.38867928,0,0.001,0.001285347
8,rail strike or report,0,0,18.68799071,1.000003416,0,0,0.366,0.470437018
8,ongoing rail strike,0,0,18.68799071,1.000003416,0,1,0.411,0.528277635
9,Document,1,13415,4.784014746,0.76211006,-14.38867928,0,0.001,0.001319261
9,type,0,7518,5.031454118,0.194185872,-32.4982017,0,0.005,0.006596306
9,weather event,0,2,17.10302821,0.999996584,-498627.8317,1,0.366,0.482849604
9,which,0,156482,1.199797518,0.265760258,0,0,0.003,0.003957784
9,least one fatality,0,0,18.68799071,1.000003416,0,0,0.346,0.45646438
9,location,0,4103,5.883657984,0.184492145,-72.85768447,0,0.037,0.048812665
10,Document,1,13415,4.784014746,0.76211006,-14.38867928,0,0.001,0.000904977
10,one,0,373925,0.671808123,0.402652234,0,0,0.003,0.002714932
10,sides,0,10468,4.607756106,0.237992832,-20.24708817,0,0.045,0.040723982
10,controversy,0,2910,6.397107888,0.206490285,-113.1772692,0,0.196,0.177375566
10,use,0,342610,0.775200759,0.457949432,0,0,0.003,0.002714932
10,standards,0,5860,5.669616639,0.47858842,-45.24777,0,0.037,0.033484163
10,performance,0,7768,5.166512954,0.375583945,-30.80630486,0,0.005,0.004524887
10,salary levels and incentive pay,0,0,18.68799071,1.000003416,0,0,0.366,0.331221719
10,pay,0,48826,3.003653001,0.727475272,-1.448504811,0,0.004,0.00361991
10,basis,0,5919,5.372133563,0.195355069,-44.64153218,0,0.005,0.004524887
10,seniority or longevity,0,0,18.68799071,1.000003416,0,1,0.411,0.371945701
10,job,0,29357,3.545046048,0.599400081,-3.99831373,0,0.029,0.026244344
11,Document,1,13415,4.784014746,0.76211006,-14.10352484,0,0.003,0.103448276
11,role,0,21179,3.789436557,0.400119323,-6.956062133,0,0.004,0.137931034
11,Israel,1,43397,4.824869178,2.396512422,-1.878801099,0,0.001,0.034482759
11,Iran-Contra Affair,1,1122,7.918979389,0.360303141,-371.4308548,1,0.021,0.724137931
12,Document,1,13415,4.784014746,0.76211006,-14.10352484,0,0.003,0.055555556
12,military coup,0,563,8.636781769,0.086422991,-852.5485924,1,0.022,0.407407407
12,country,0,47127,2.713867449,0.392179401,-1.569644528,0,0.029,0.537037037
13,Document,1,13415,4.784014746,0.76211006,-14.10352484,0,0.003,0.008130081
13,machine translation system,0,1,17.10302821,0.415037499,-1060784.961,1,0.366,0.991869919
14,Document,1,13415,4.784014746,0.76211006,-14.10352484,0,0.001,0.002427184
14,event or result,0,0,18.68799071,1.000003416,0,1,0.411,0.997572816
15,Document,1,13415,4.784014746,0.76211006,-14.10352484,0,0.003,0.003456221
15,type,0,7518,5.031454118,0.194185872,-32.2297577,0,0.011,0.012672811
15,information retrieval system,0,0,18.68799071,1.000003416,0,1,0.854,0.983870968
16,Document,1,13415,4.784014746,0.76211006,-14.10352484,0,0.003,0.007125891
16,type,0,7518,5.031454118,0.194185872,-32.2297577,0,0.005,0.011876485
16,natural language processing technology,0,0,18.68799071,1.000003416,0,1,0.366,0.86935867
16,which,0,156482,1.199797518,0.265760258,0,0,0.003,0.007125891
16,U.S.,1,124379,1.927101869,0.759414532,0,0,0.044,0.104513064
17,Document,1,13415,4.784014746,0.76211006,-14.10352484,0,0.001,0.000460193
17,current civil disturbance,0,0,18.68799071,1.000003416,0,1,0.366,0.168430741
17,country involving citizens,0,0,18.68799071,1.000003416,0,0,0.854,0.393005062
17,country,0,47127,2.713867449,0.392179401,-1.569644528,0,0.029,0.013345605
17,political position,0,41,12.31295128,0.01714135,-17566.53436,0,0.069,0.031753336
17,their own country s government,0,0,18.68799071,1.000003416,0,0,0.854,0.393005062
18,Document,1,13415,4.784014746,0.76211006,-14.10352484,0,0.001,0.000266596
18,actual studies,0,0,18.68799071,1.000003416,0,0,0.854,0.227672621
18,unsubstantiated concerns,0,0,18.68799071,1.000003416,0,0,0.854,0.227672621
18,safety,0,13164,4.770338921,0.72203561,-14.50401838,0,0.411,0.109570781
18,manufacturing employees and installation workers,0,0,18.68799071,1.000003416,0,0,0.854,0.227672621
18,fine-diameter fibers,0,0,18.68799071,1.000003416,0,1,0.411,0.109570781
18,insulation and other products,0,2,16.36606262,0.26303099,-498609.5829,0,0.366,0.09757398
19,Document,1,13415,4.784014746,0.76211006,-14.10352484,0,0.001,0.024390244
19,attempt,0,18566,3.821243038,0.250750222,-8.58548562,1,0.003,0.073170732
19,U.S.,1,124379,1.927101869,0.759414532,0,0,0.037,0.902439024
20,Document,1,13415,4.784014746,0.76211006,-14.10352484,0,0.001,0.001153403
20,judicial proceedings and opinions,0,0,18.68799071,1.000003416,0,0,0.411,0.474048443
20,contracts,0,5656,5.887292996,0.645848827,-47.45426505,0,0.089,0.102652826
20,surrogate motherhood,0,14,14.04413452,0.262989997,-58483.38704,1,0.366,0.422145329
21,Document,1,13415,4.784014746,0.76211006,-14.10352484,0,0.001,0.000841751
21,incursions,0,105,11.20417493,0.243749418,-6037.986735,1,0.366,0.308080808
21,land air or water,0,0,18.68799071,1.000003416,0,0,0.411,0.345959596
21,border area,0,203,10.15271533,0.136459969,-2825.279753,0,0.089,0.074915825
21,one country,0,146,10.52308378,0.034270112,-4135.329091,0,0.089,0.074915825
21,military forces,0,658,8.427071176,0.100971328,-707.7288188,0,0.037,0.031144781
21,second country,0,12,14.04413452,0.056545951,-69408.66413,0,0.089,0.074915825
21,guerrilla group,0,1091,7.818396867,0.219441354,-384.3399162,0,0.037,0.031144781
21,second country,0,12,14.04413452,0.056545951,-69408.66413,0,0.069,0.058080808
22,Document,1,13415,4.784014746,0.76211006,-14.10352484,0,0.001,0.002272727
22,movement,0,12815,4.551720485,0.465835701,-15.09129857,1,0.196,0.445454545
22,people,0,139864,1.646705883,0.600881264,0.184375195,0,0.003,0.006818182
22,one area,0,224,9.977184276,0.102213035,-2520.108209,0,0.196,0.445454545
22,U.S.,1,124379,1.927101869,0.759414532,0,0,0.044,0.1
23,Document,1,13415,4.784014746,0.76211006,-14.10352484,0,0.001,0.002
23,movement,0,12815,4.551720485,0.465835701,-15.09129857,1,0.411,0.822
23,people,0,139864,1.646705883,0.600881264,0.184375195,0,0.004,0.008
23,one country,0,146,10.52308378,0.034270112,-4135.329091,0,0.069,0.138
23,variety,0,3423,6.081816865,0.123619046,-91.86563409,0,0.004,0.008
23,reasons,0,4501,5.663716747,0.096731244,-64.28539796,0,0.011,0.022
24,Document,1,13415,4.784014746,0.76211006,-14.10352484,0,0.001,0.019230769
24,instance,0,2561,6.453472624,0.079800302,-133.1752385,1,0.004,0.076923077
24,which,0,156482,1.199797518,0.265760258,0,0,0.003,0.057692308
24,U.S.,1,124379,1.927101869,0.759414532,0,0,0.044,0.846153846
25,Document,1,13415,4.784014746,0.76211006,-14.10352484,0,0.003,0.008
25,instance,0,2561,6.453472624,0.079800302,-133.1752385,0,0.026,0.069333333
25,which automation,0,0,18.68799071,1.000003416,0,1,0.346,0.922666667
26,Document,1,13415,4.784014746,0.76211006,-14.10352484,0,0.001,0.001626016
26,discussion,0,6229,5.351344685,0.247147265,-41.66829211,0,0.005,0.008130081
26,or debate,0,0,18.68799071,1.000003416,0,0,0.366,0.595121951
26,issue,0,56844,2.523535482,0.44046282,-0.998891693,0,0.003,0.004878049
26,original intent,0,32,12.80534766,0.161645172,-23217.37457,1,0.196,0.318699187
26,U.S.,1,124379,1.927101869,0.759414532,0,0,0.044,0.071544715
27,Document,1,13415,4.784014746,0.76211006,-14.10352484,0,0.003,0.002031144
27,poaching method,0,2,16.36606262,0.26303099,-498609.5829,1,0.798,0.54028436
27,certain type,0,85,11.2701382,0.008125297,-7686.669776,0,0.411,0.278266757
27,wildlife,0,2843,7.06182539,0.837842772,-116.5958443,0,0.265,0.179417739
28,Document,1,13415,4.784014746,0.76211006,-14.10352484,0,0.001,0.000748503
28,activity,0,6936,5.190014164,0.23849383,-35.99949904,0,0.011,0.008233533
28,Greenpeace,1,646,9.696468864,1.343897234,-723.4883158,1,0.913,0.683383234
28,their environmental protection goals,0,0,18.68799071,1.000003416,0,0,0.411,0.307634731
29,Document,1,13415,4.784014746,0.76211006,-14.10352484,0,0.001,0.001295337
29,least one German political party and report,0,0,18.68799071,1.000003416,0,1,0.346,0.448186528
29,position,0,37276,3.198738561,0.571283645,-2.561363281,0,0.004,0.005181347
29,which,0,156482,1.199797518,0.265760258,0,0,0.003,0.00388601
29,party,0,61094,3.243590486,1.25069512,-0.821172597,0,0.003,0.00388601
29,regard,0,6977,5.033690335,0.090532423,-35.71048151,0,0.004,0.005181347
29,political social economic military environmental or international objective,0,0,18.68799071,1.000003416,0,0,0.411,0.53238342
30,Document,1,13415,4.784014746,0.76211006,-14.10352484,0,0.001,0.001042753
30,something,0,14612,4.114639381,0.211988643,0,0,0.004,0.004171011
30,platform,0,3751,6.681313995,0.853975993,-81.59543922,0,0.265,0.27632951
30,1988 presidential candidate,0,5,15.22855909,0.125517218,-182637.9511,1,0.689,0.718456726
31,Document,1,13415,4.784014746,0.76211006,-14.10352484,0,0.001,0.001248439
31,loss,0,15417,4.337258668,0.509253801,-11.44468571,0,0.003,0.003745318
31,revenue,0,9325,5.262905967,0.730223488,-23.86594551,0,0.045,0.056179775
31,televangelist,0,45,12.34814071,0.183561648,-13284.89779,0,0.167,0.208489388
31,aftermath,0,572,8.542058564,0.014509031,-836.5917096,0,0.411,0.513108614
31,PTL scandal,0,10,14.29567329,0.067083451,-84962.39607,0,0.069,0.086142322
31,financial crisis,0,146,10.54333247,0.054518796,-4135.329091,1,0.094,0.117353308
31,scandal,0,5165,6.077657908,0.706894354,-53.57779625,0,0.011,0.013732834
32,Document,1,13415,4.784014746,0.76211006,-14.10352484,0,0.001,0.00083682
32,genetic engineering application,0,0,18.68799071,1.000003416,0,1,0.411,0.343933054
32,product,0,40419,3.319586561,0.798507432,-2.178523623,0,0.003,0.00251046
32,that,0,695367,0.461545589,0.406944067,0,0,0.003,0.00251046
32,genetic manipulation or attitudes,0,0,18.68799071,1.000003416,0,0,0.411,0.343933054
32,genetic engineering,0,94,11.44958597,0.331133184,-6852.524575,0,0.366,0.306276151
33,Document,1,13415,4.784014746,0.76211006,-14.10352484,0,0.003,0.003614458
33,plans projects agreements treaties or laws,0,0,18.68799071,1.000003416,0,0,0.366,0.440963855
33,consideration,0,3197,6.206948135,0.151007574,-100.3190494,0,0.196,0.236144578
33,atmosphere,0,2930,6.491081267,0.310273629,-112.1903506,1,0.265,0.319277108
34,Document,1,13415,4.784014746,0.76211006,-14.10352484,0,0.003,0.003846154
34,or under-construction alternative,0,0,18.68799071,1.000003416,0,0,0.366,0.469230769
34,renewable energy plant or equipment installations,0,0,18.68799071,1.000003416,0,1,0.411,0.526923077
35,Document,1,13415,4.784014746,0.76211006,-14.10352484,0,0.003,0.002775208
35,allegations or measures,0,0,18.68799071,1.000003416,0,0,0.366,0.338575393
35,corrupt public officials,0,0,18.68799071,1.000003416,0,1,0.346,0.320074006
35,governmental jurisdiction,0,0,18.68799071,1.000003416,0,0,0.366,0.338575393
36,Document,1,13415,4.784014746,0.76211006,-14.10352484,0,0.003,0.003846154
36,recent bank failures,0,0,18.68799071,1.000003416,0,1,0.366,0.469230769
36,United States specifying name location assets and federal or state authorities taking action,0,0,18.68799071,1.000003416,0,0,0.411,0.526923077
37,Document,1,13415,4.784014746,0.76211006,-14.10352484,0,0.001,0.002114165
37,current criminal actions,0,0,18.68799071,1.000003416,0,1,0.346,0.731501057
37,officers,0,13760,4.627548083,0.6411082,-13.58067977,0,0.089,0.188160677
37,U.S.,1,124379,1.927101869,0.759414532,0,0,0.037,0.078224101
38,Document,1,13415,4.784014746,0.76211006,-14.10352484,0,0.001,0.001364256
38,quantitative data,0,1,17.10302821,0.415037499,-1060784.961,0,0.366,0.499317872
38,charting international crude oil price trends,0,0,18.68799071,1.000003416,0,1,0.366,0.499317872
39,Document,1,13415,4.784014746,0.76211006,-14.10352484,0,0.003,0.003452244
39,existing or pending investment,0,0,18.68799071,1.000003416,0,0,0.411,0.472957422
39,OPEC member state,0,12,14.29567329,0.308084718,-69408.66413,1,0.366,0.421173763
39,operation,0,25855,3.558989497,0.441791533,-4.990432901,0,0.089,0.102416571
40,Document,1,13415,4.784014746,0.76211006,-14.10352484,0,0.003,0.002066116
40,or specific data,0,0,18.68799071,1.000003416,0,0,0.411,0.283057851
40,changes,0,14077,4.34431918,0.389665367,-13.12647704,0,0.003,0.002066116
40,reserve figures,0,5,15.22855909,0.125517218,-182637.9511,0,0.689,0.474517906
40,oil or natural gas producer,0,0,18.68799071,1.000003416,0,1,0.346,0.238292011
41,Document,1,13415,4.784014746,0.76211006,-14.10352484,0,0.001,0.017857143
41,acquisition,0,3668,6.3456382,0.486309981,-84.00122672,1,0.011,0.196428571
41,U.S.,1,124379,1.927101869,0.759414532,0,0,0.044,0.785714286
42,Document,1,13415,4.784014746,0.76211006,-14.10352484,0,0.001,0.035714286
42,sale,0,43832,3.320746613,0.905343837,-1.839287978,0,0.004,0.142857143
42,military equipment,0,275,9.730888668,0.150486506,-1984.33829,1,0.022,0.785714286
42,international arms,0,43,12.24504721,0.016344649,-16647.90996,0,0.001,0.035714286
43,Document,1,13415,4.784014746,0.76211006,-14.10352484,0,0.001,0.000578369
43,supporters,0,7677,5.14435467,0.33673628,-31.31223522,0,0.005,0.002891845
43,National Rifle Association,1,196,10.12957,0.062965019,-2942.60141,1,0.576,0.333140544
43,NRA,1,2325,7.283381312,0.771094256,-150.5065474,0,0.98,0.566801619
43,its assets,0,288,9.57685504,0.062809704,-1880.059665,0,0.167,0.096587623
44,Document,1,13415,4.784014746,0.76211006,-14.10352484,0,0.003,0.15
44,crime,0,12041,4.815989245,0.642851557,-16.5358504,1,0.011,0.55
44,aid,0,1051045,0.349659098,0.33968231,0.200511507,0,0.003,0.15
44,computer,0,15440,5.040419858,1.214487933,-11.41878297,0,0.003,0.15
45,Document,1,13415,4.784014746,0.76211006,-14.10352484,0,0.001,0.000908265
45,computer application,0,7,15.22855909,0.540547885,-126047.6019,1,0.689,0.625794732
45,crime,0,12041,4.815989245,0.642851557,-16.5358504,0,0.411,0.373297003
46,Document,1,13415,4.784014746,0.76211006,-14.10352484,0,0.003,0.003826531
46,computer programs or computerized equipment,0,0,18.68799071,1.000003416,0,0,0.366,0.466836735
46,which,0,156482,1.199797518,0.265760258,0,0,0.004,0.005102041
46,medical diagnosis,0,6,14.98755099,0.106898123,-149411.6274,1,0.411,0.524234694
47,Document,1,13415,4.784014746,0.76211006,-14.10352484,0,0.003,0.007537688
47,instances,0,977,7.82612837,0.068495489,-439.5453784,0,0.026,0.065326633
47,fiber optics technology,0,1,17.10302821,0.415037499,-1060784.961,1,0.366,0.91959799
47,use,0,342610,0.775200759,0.457949432,0,0,0.003,0.007537688
48,Document,1,13415,4.784014746,0.76211006,-14.10352484,0,0.003,0.003831418
48,individuals or organizations,0,7,14.78110011,0.093088908,-126047.6019,0,0.411,0.524904215
48,which,0,156482,1.199797518,0.265760258,0,0,0.003,0.003831418
48,fiber optics equipment,0,0,18.68799071,1.000003416,0,1,0.366,0.46743295
49,Document,1,13415,4.784014746,0.76211006,-14.10352484,0,0.003,0.107142857
49,development,0,16118,4.086161899,0.319938757,-10.69394036,0,0.004,0.142857143
49,Iran-Contra Affair,1,1122,7.918979389,0.360303141,-371.4308548,1,0.021,0.75
50,Document,1,13415,4.784014746,0.76211006,-14.10352484,0,0.001,0.00128041
50,efforts,0,14155,4.149498621,0.202552596,-13.01834552,0,0.004,0.005121639
50,states,0,78100,2.336137016,0.642619555,-0.354006091,0,0.003,0.003841229
50,transfer,0,5676,5.594078026,0.357657412,-47.23002401,0,0.004,0.005121639
50,high-tech goods,0,3,15.88063579,0.192638246,-320011.8531,1,0.366,0.468629962
50,technologies,0,984,8.175250247,0.427882731,-435.7531735,0,0.037,0.04737516
50,undesirable nations,0,0,18.68799071,1.000003416,0,0,0.366,0.468629962
51,Document,1,13415,4.784014746,0.76211006,-14.10352484,0,0.003,0.006329114
51,information,0,21292,3.891697556,0.50967741,-6.896226063,0,0.004,0.008438819
51,configuration components and technology,0,0,18.68799071,1.000003416,0,0,0.366,0.772151899
51,U,1,9211582,0.040451477,0.040451477,0.044488647,0,0.005,0.010548523
51,S,1,24081728,0.022686024,0.022686024,0.02067707,0,0.005,0.010548523
51,star wars,0,1430,7.943997849,0.733936247,-275.8748585,0,0.022,0.046413502
51,anti-missile defense system,0,11,14.16442875,0.061366384,-76443.94908,1,0.069,0.14556962
52,Document,1,13415,4.784014746,0.76211006,-14.10352484,0,0.001,0.001051525
52,laser research,0,5,15.22855909,0.125517218,-182637.9511,0,0.366,0.384858044
52,U,1,9211582,0.040451477,0.040451477,0.044488647,0,0.005,0.005257624
52,S,1,24081728,0.022686024,0.022686024,0.02067707,0,0.003,0.003154574
52,Strategic Defense Initiative,1,432,8.992762418,0.061522836,-1167.299947,1,0.576,0.605678233
53,Document,1,13415,4.784014746,0.76211006,-14.10352484,0,0.003,0.002633889
53,proposed or enacted changes,0,0,18.68799071,1.000003416,0,1,0.366,0.321334504
53,U.S.,1,124379,1.927101869,0.759414532,0,0,0.77,0.676031607
54,Document,1,13415,4.784014746,0.76211006,-14.10352484,0,0.001,0.001308901
54,provisions,0,3182,6.446305422,0.383633192,-100.927495,0,0.265,0.346858639
54,U.S.,1,124379,1.927101869,0.759414532,0,1,0.498,0.651832461
55,Document,1,13415,4.784014746,0.76211006,-14.10352484,0,0.003,0.003826531
55,reasons,0,4501,5.663716747,0.096731244,-64.28539796,0,0.011,0.014030612
55,U.S.,1,124379,1.927101869,0.759414532,0,1,0.77,0.982142857
56,Document,1,13415,4.784014746,0.76211006,-14.10352484,0,0.001,0.002873563
56,changes,0,14077,4.34431918,0.389665367,-13.12647704,0,0.001,0.002873563
56,U.S.,1,124379,1.927101869,0.759414532,0,1,0.346,0.994252874
57,Document,1,13415,4.784014746,0.76211006,-14.10352484,0,0.001,0.002710027
57,Japan s regulation,0,0,18.68799071,1.000003416,0,1,0.346,0.937669377
57,insider trading,0,918,8.57294706,0.725745974,-474.0175788,0,0.022,0.059620596
58,Document,1,13415,4.784014746,0.76211006,-14.10352484,0,0.003,0.00388601
58,Japanese policies or practices,0,0,18.68799071,1.000003416,0,1,0.346,0.448186528
58,which,0,156482,1.199797518,0.265760258,0,0,0.003,0.00388601
58,Japan s domestic market,0,0,18.68799071,1.000003416,0,0,0.411,0.53238342
58,foreign competition,0,277,9.613849247,0.04385687,-1967.611878,0,0.009,0.011658031
59,Document,1,13415,4.784014746,0.76211006,-14.10352484,0,0.001,0.000531915
59,one,0,373925,0.671808123,0.402652234,0,0,0.003,0.001595745
59,OTC Ltd.,1,0,18.68799071,1.000003416,0,0,0.567,0.301595745
59,Tech Enterprises Minnesota Mining and Manufacturing Integrated Solutions Inc. MIPS Computer Systems Inc.,0,0,18.68799071,1.000003416,0,0,0.346,0.184042553
59,Computer Systems Inc.,1,11,14.16442875,0.061366384,-76443.94908,1,0.963,0.512234043
60,Document,1,13415,4.784014746,0.76211006,-14.10352484,0,0.003,0.003994674
60,efforts,0,14155,4.149498621,0.202552596,-13.01834552,0,0.004,0.005326232
60,black majority,0,408,9.154660978,0.141237173,-1248.812132,1,0.022,0.029294274
60,South Africa,1,12090,5.927062896,1.75961796,-16.43802652,0,0.689,0.917443409
60,domination,0,503,8.800770094,0.088344767,-974.7895893,0,0.022,0.029294274
60,white minority government,0,30,12.75725337,0.023359907,-24962.48531,0,0.011,0.014647137
61,Document,1,13415,4.784014746,0.76211006,-14.10352484,0,0.003,0.002477291
61,efforts,0,14155,4.149498621,0.202552596,-13.01834552,0,0.001,0.000825764
61,United Nations,1,4954,5.86561905,0.435410828,-56.6318846,0,0.035,0.028901734
61,nations,0,23168,3.811042171,0.544542396,-6.003570906,0,0.003,0.002477291
61,nuclear weapons,0,3405,6.687638532,0.72189777,-92.49326823,0,0.026,0.02146986
61,proliferation,0,486,9.150772309,0.388903072,-1015.374814,0,0.366,0.302229562
61,nuclear weapons capabilities,0,2,16.36606262,0.26303099,-498609.5829,1,0.366,0.302229562
61,non-nuclear weapons states,0,0,18.68799071,1.000003416,0,0,0.411,0.339388935
62,Document,1,13415,4.784014746,0.76211006,-14.10352484,0,0.001,0.001077586
62,financial data,0,47,12.27859977,0.175414427,-15057.51287,0,0.167,0.179956897
62,question,0,27974,3.40320275,0.392558832,-4.354179554,0,0.003,0.003232759
62,much money worldwide is,0,0,18.68799071,1.000003416,0,0,0.411,0.442887931
62,biotechnology arena,0,0,18.68799071,1.000003416,0,1,0.346,0.372844828
63,Document,1,13415,4.784014746,0.76211006,-14.10352484,0,0.001,0.001285347
63,non-traditional applications,0,0,18.68799071,1.000003416,0,0,0.411,0.528277635
63,space satellite technology,0,0,18.68799071,1.000003416,0,1,0.366,0.470437018
64,Document,1,13415,4.784014746,0.76211006,-14.10352484,0,0.001,0.002840909
64,data,0,6998,5.42927747,0.490383426,-35.56393526,0,0.005,0.014204545
64,non-commercial space satellites,0,0,18.68799071,1.000003416,0,1,0.346,0.982954545
65,Document,1,13415,4.784014746,0.76211006,-14.10352484,0,0.001,0.001157407
65,specific consequence,0,1,17.10302821,0.415037499,-1060784.961,0,0.798,0.923611111
65,s,0,24081728,0.022686024,0.022686024,0.02067707,0,0.003,0.003472222
65,U,1,9211582,0.040451477,0.040451477,0.044488647,0,0.003,0.003472222
65,S,1,24081728,0.022686024,0.022686024,0.02067707,0,0.003,0.003472222
65,Immigration Reform and Control Act,0,45,12.18019607,0.01561701,-15815.35451,1,0.001,0.001157407
65,1986,1,24103,3.536062465,0.323505012,-5.620148737,0,0.055,0.063657407
66,Document,1,13415,4.784014746,0.76211006,-14.10352484,0,0.001,0.001054852
66,generic drug,0,298,11.4118663,1.946862807,-1806.466376,0,0.167,0.176160338
66,which,0,156482,1.199797518,0.265760258,0,0,0.003,0.003164557
66,brand name drug,0,4,15.51806571,0.151992845,-233413.3427,1,0.366,0.386075949
66,treatment,0,8794,5.135681851,0.520225498,-25.91842203,0,0.045,0.047468354
66,least one medical condition,0,0,18.68799071,1.000003416,0,0,0.366,0.386075949
67,Document,1,13415,4.784014746,0.76211006,-14.10352484,0,0.003,0.002862595
67,least one datum,0,0,18.68799071,1.000003416,0,0,0.346,0.330152672
67,which,0,156482,1.199797518,0.265760258,0,0,0.003,0.002862595
67,description quantification and evaluation,0,0,18.68799071,1.000003416,0,0,0.346,0.330152672
67,capacity,0,3487,6.287911807,0.356213292,-89.69236164,0,0.004,0.003816794
67,U.S.,1,124379,1.927101869,0.759414532,0,1,0.346,0.330152672
68,Document,1,13415,4.784014746,0.76211006,-14.10352484,0,0.001,0.000638162
68,background information,0,54,12.1488319,0.242019853,-12869.83263,0,0.798,0.50925335
68,international terrorist groups or individuals or detail,0,0,18.68799071,1.000003416,0,1,0.411,0.26228462
68,activities,0,6869,5.196262853,0.230968366,-36.4802284,0,0.011,0.007019783
68,such groups or individuals,0,0,18.68799071,1.000003416,0,0,0.346,0.220804084
69,Document,1,13415,4.784014746,0.76211006,-14.10352484,0,0.003,0.002824859
69,activities,0,6869,5.196262853,0.230968366,-36.4802284,0,0.004,0.003766478
69,political authorities,0,6,14.98755099,0.106898123,-149411.6274,0,0.366,0.344632768
69,international terrorists,0,18,13.47853734,0.038416075,-44206.68685,1,0.689,0.648775895
70,Document,1,13415,4.784014746,0.76211006,-14.10352484,0,0.001,0.001285347
70,private sector economic consequences,0,0,18.68799071,1.000003416,0,0,0.366,0.470437018
70,international terrorism,0,186,10.32604694,0.184318754,-3126.625473,1,0.411,0.528277635
71,Document,1,13415,4.784014746,0.76211006,-14.10352484,0,0.001,0.001317523
71,life and death,0,105,11.02265479,0.062229278,-6037.986735,1,0.069,0.090909091
71,prominent U.S.,0,11,14.16442875,0.061366384,-76443.94908,0,0.689,0.907773386
72,Document,1,13415,4.784014746,0.76211006,-14.10352484,0,0.001,0.00087108
72,research development testing and evaluation,0,0,18.68799071,1.000003416,0,0,0.366,0.318815331
72,RDT & E,1,0,18.68799071,1.000003416,0,0,0.411,0.358013937
72,new anti-cancer drug,0,0,18.68799071,1.000003416,0,1,0.366,0.318815331
72,world,0,51344,2.724394669,0.512499576,-1.287652797,0,0.004,0.003484321
73,Document,1,13415,4.784014746,0.76211006,-14.10352484,0,0.003,0.001604278
73,studies,0,4893,5.801722557,0.353850952,-57.57011416,0,0.011,0.005882353
73,linkages,0,12,14.04413452,0.056545951,-69408.66413,0,0.411,0.219786096
73,environmental factors or chemicals,0,0,18.68799071,1.000003416,0,1,0.366,0.195721925
73,which,0,156482,1.199797518,0.265760258,0,0,0.003,0.001604278
73,cancer,0,8222,5.79260477,1.082070556,-28.47171037,0,0.011,0.005882353
73,it,0,2767052,0.119934401,0.119931462,0,0,0.004,0.002139037
73,governmental actions,0,0,18.68799071,1.000003416,0,0,0.346,0.185026738
73, control or limit exposure,0,0,18.68799071,1.000003416,0,0,0.366,0.195721925
73,factors or chemicals,0,0,18.68799071,1.000003416,0,0,0.346,0.185026738
73,which,0,156482,1.199797518,0.265760258,0,0,0.003,0.001604278
74,Document,1,13415,4.784014746,0.76211006,-14.10352484,0,0.003,0.008042895
74,innovative approaches,0,8,14.60052787,0.082438248,-108760.947,1,0.366,0.981233244
74,cancer,0,8222,5.79260477,1.082070556,-28.47171037,0,0.004,0.010723861
75,Document,1,13415,4.784014746,0.76211006,-14.10352484,0,0.001,0.000709723
75,actions,0,10485,4.617115064,0.249635005,-20.20006766,0,0.004,0.002838893
75,public authorities,0,6,14.98755099,0.106898123,-149411.6274,1,0.689,0.48899929
75,human use,0,15,13.7337944,0.045755865,-54162.69029,0,0.689,0.48899929
75,tobacco,0,3273,7.216823576,1.194508438,-97.33133128,0,0.026,0.018452803
76,Document,1,13415,4.784014746,0.76211006,-14.10352484,0,0.001,0.000841043
76,ethical issues attendant,0,0,18.68799071,1.000003416,0,0,0.411,0.345668629
76,contemporary advances,0,0,18.68799071,1.000003416,0,0,0.411,0.345668629
76,medical technology,0,19,13.47853734,0.11241324,-41619.0564,1,0.366,0.307821699
77,Document,1,13415,4.784014746,0.76211006,-14.10352484,0,0.001,0.027027027
77,terms,0,8490,4.826225276,0.161051229,-27.2264881,0,0.011,0.297297297
77,arms,0,18117,4.302734951,0.698436742,-8.92218374,1,0.004,0.108108108
77,agreements,0,3627,6.197891955,0.322490944,-85.23499844,0,0.004,0.108108108
77,negotiation,0,11996,4.701170946,0.522784189,-16.62650412,0,0.011,0.297297297
77,United States,1,50526,2.863305384,0.63092316,-1.337648877,0,0.003,0.081081081
77,Soviet Union,1,17866,4.340576958,0.716997722,-9.119143499,0,0.003,0.081081081
78,Document,1,13415,4.784014746,0.76211006,-14.10352484,0,0.001,0.000856898
78,current or future sale,0,0,18.68799071,1.000003416,0,0,0.366,0.313624679
78,private sector,0,749,8.344804995,0.205006584,-605.8831851,1,0.037,0.031705227
78,government or government entity,0,0,18.68799071,1.000003416,0,0,0.346,0.296486718
78,business businesses or shares,0,0,18.68799071,1.000003416,0,0,0.411,0.35218509
78,business,0,43209,2.969217048,0.535217257,-1.896190002,0,0.003,0.002570694
78,state,0,226729,1.220679702,0.617428169,0.309132348,0,0.003,0.002570694
79,Document,1,13415,4.784014746,0.76211006,-14.10352484,0,0.001,0.000747943
79,USSR,1,129,10.88709081,0.221030675,-4768.300208,1,0.99,0.740463725
79,U.S.,1,124379,1.927101869,0.759414532,0,0,0.346,0.258788332
80,Document,1,13415,4.784014746,0.76211006,-14.10352484,0,0.001,0.001118568
80,issue,0,56844,2.523535482,0.44046282,-0.998891693,0,0.004,0.004474273
80,Jewish emigration,0,128,10.93979786,0.262600583,-4811.128096,1,0.689,0.770693512
80,Soviet Union,1,17866,4.340576958,0.716997722,-9.119143499,0,0.022,0.024608501
80,it,0,2767052,0.119934401,0.119931462,0,0,0.003,0.003355705
80,U,1,9211582,0.040451477,0.040451477,0.044488647,0,0.003,0.003355705
80,S,1,24081728,0.022686024,0.022686024,0.02067707,0,0.005,0.005592841
80,#NAME?,0,487,8.9482101,0.189296823,-1012.902788,0,0.167,0.186800895
81,Document,1,13415,4.784014746,0.76211006,-14.10352484,0,0.001,0.000776398
81,contract,0,24761,4.199083617,1.023176973,-5.371046324,0,0.004,0.00310559
81,McDonnell Douglas,1,733,8.985818025,0.814963707,-621.8100141,1,0.913,0.708850932
81,production,0,19230,4.3322955,0.810261279,-8.121456634,0,0.004,0.00310559
81,military aircraft,0,200,10.23266349,0.195044721,-2874.485829,0,0.366,0.284161491
82,Document,1,13415,4.784014746,0.76211006,-14.10352484,0,0.001,0.00131406
82,cost,0,34056,3.334878353,0.587779369,-3.046817597,0,0.003,0.003942181
82,or performance data,0,0,18.68799071,1.000003416,0,0,0.411,0.540078844
82,U.S.,1,124379,1.927101869,0.759414532,0,1,0.346,0.454664915
83,Document,1,13415,4.784014746,0.76211006,-14.10352484,0,0.003,0.001777251
83,design feature,0,11,14.16442875,0.061366384,-76443.94908,0,0.689,0.408175355
83,Hubble Space Telescope,1,29,12.96007026,0.178874491,-25930.4668,1,0.996,0.590047393
84,Document,1,13415,4.784014746,0.76211006,-14.10352484,0,0.003,0.002570694
84,objectives processes and organization,0,0,18.68799071,1.000003416,0,0,0.366,0.313624679
84,human genome project,0,1,17.10302821,0.415037499,-1060784.961,1,0.798,0.683804627
85,Document,1,13415,4.784014746,0.76211006,-14.10352484,0,0.001,0.001049318
85,efforts,0,14155,4.149498621,0.202552596,-13.01834552,0,0.003,0.003147954
85,genes,0,761,8.941476389,0.824537412,-594.4137913,0,0.167,0.175236097
85,human diseases,0,10,14.4400632,0.21147336,-84962.39607,1,0.366,0.384050367
85,or report,0,452,8.928102527,0.061938671,-1106.46742,0,0.005,0.00524659
85,potential medical contributions such information,0,0,18.68799071,1.000003416,0,0,0.411,0.431269675
86,Document,1,13415,4.784014746,0.76211006,-14.10352484,0,0.001,0.0004158
86,attempts,0,3521,6.013136402,0.09531693,-88.57353485,0,0.004,0.001663202
86,Pacific Telesis,1,139,11.28711127,0.727932185,-4375.998651,1,0.913,0.37962578
86,its basic business,0,1,17.10302821,0.415037499,-1060784.961,0,0.798,0.331808732
86,local telephone service,0,5,15.22855909,0.125517218,-182637.9511,0,0.689,0.286486486
87,Document,1,13415,4.784014746,0.76211006,-14.10352484,0,0.001,0.001436782
87,building,0,23191,3.889063329,0.623917882,-5.993693021,0,0.004,0.005747126
87,expansion,0,2978,6.46489402,0.307357946,-109.8816483,1,0.026,0.037356322
87,theme park,0,452,9.428247446,0.562083591,-1106.46742,0,0.167,0.239942529
87,U.S.,1,124379,1.927101869,0.759414532,0,0,0.498,0.715517241
88,Document,1,13415,4.784014746,0.76211006,-14.10352484,0,0.003,0.007894737
88,data,0,6998,5.42927747,0.490383426,-35.56393526,0,0.004,0.010526316
88,Iran,1,33512,4.742272554,1.973751877,-3.140341673,0,0.003,0.007894737
88,groups,0,17758,4.032851347,0.400888795,-9.205916396,0,0.004,0.010526316
88,Lebanon,1,11915,5.817048103,1.629161781,-16.79167988,0,0.196,0.515789474
88,which,0,156482,1.199797518,0.265760258,0,0,0.003,0.007894737
88,Western hostages,0,282,9.943156872,0.398864589,-1926.907478,1,0.167,0.439473684
89,Document,1,13415,4.784014746,0.76211006,-14.10352484,0,0.003,0.003680982
89,religious legal cultural and social consequences,0,0,18.68799071,1.000003416,0,0,0.346,0.424539877
89,Iran s Islamic Revolution,1,0,18.68799071,1.000003416,0,1,0.411,0.504294479
89,Iran,1,33512,4.742272554,1.973751877,-3.140341673,0,0.055,0.067484663
90,Document,1,13415,4.784014746,0.76211006,-14.10352484,0,0.001,0.000607165
90,political impact,0,27,12.96007026,0.07934565,-28093.95396,0,0.844,0.512446873
90,Islamic fundamentalism,0,32,12.8551007,0.211398207,-23217.37457,1,0.798,0.484517304
90,nation,0,208539,1.138288754,0.466035575,0.299320251,0,0.003,0.001821494
90,Iran,1,33512,4.742272554,1.973751877,-3.140341673,0,0.001,0.000607165
91,Document,1,13415,4.784014746,0.76211006,-14.10352484,0,0.003,0.003947368
91,Japanese efforts,0,3,15.88063579,0.192638246,-320011.8531,1,0.411,0.540789474
91,U.S.,1,124379,1.927101869,0.759414532,0,0,0.346,0.455263158
92,Document,1,13415,4.784014746,0.76211006,-14.10352484,0,0.001,0.000686813
92,national governments,0,12,14.16442875,0.176840185,-69408.66413,0,0.366,0.251373626
92,their own growers,0,0,18.68799071,1.000003416,0,0,0.366,0.251373626
92,grain,0,6529,5.933729513,0.896363251,-39.09298872,0,0.011,0.007554945
92,policies impact,0,0,18.68799071,1.000003416,0,0,0.346,0.237637363
92,nation s foreign trade and diplomatic relations,0,0,18.68799071,1.000003416,0,1,0.366,0.251373626
93,Document,1,13415,4.784014746,0.76211006,-14.10352484,0,0.001,0.001432665
93,analysis,0,2472,6.686230682,0.261853553,-139.2821414,0,0.196,0.280802292
93,what,0,77139,2.089225764,0.380928629,0,0,0.003,0.004297994
93,U.S.,1,124379,1.927101869,0.759414532,0,1,0.498,0.713467049
94,Document,1,13415,4.784014746,0.76211006,-14.10352484,0,0.003,0.003722084
94,corruption incompetence or inefficiency,0,0,18.68799071,1.000003416,0,0,0.411,0.509925558
94,management,0,13034,4.56362703,0.501446282,-14.71850813,0,0.026,0.032258065
94,United Nation s staff activities or specialized agencies,0,0,18.68799071,1.000003416,0,1,0.366,0.454094293
95,Document,1,13415,4.784014746,0.76211006,-14.10352484,0,0.001,0.002702703
95,pro-Israel lobby,0,12,14.16442875,0.176840185,-69408.66413,0,0.366,0.989189189
95,United States,1,50526,2.863305384,0.63092316,-1.337648877,0,0.003,0.008108108
96,Document,1,13415,4.784014746,0.76211006,-14.10352484,0,0.001,0.002178649
96,negotiating process,0,61,11.86781175,0.133812387,-11209.72012,0,0.089,0.193899782
96,end,0,290483,0.836906619,0.416714579,0.319512928,0,0.003,0.006535948
96,Nicaraguan civil war,0,8,14.60052787,0.082438248,-108760.947,1,0.366,0.797385621
97,Document,1,13415,4.784014746,0.76211006,-14.10352484,0,0.003,0.001909612
97,productivity statistics,0,1,17.10302821,0.415037499,-1060784.961,0,0.798,0.507956715
97,U.S.,1,124379,1.927101869,0.759414532,0,0,0.77,0.490133673
98,Document,1,13415,4.784014746,0.76211006,-14.10352484,0,0.001,0.000970874
98,Ethiopia-Somalia War civil wars,0,0,18.68799071,1.000003416,0,1,0.346,0.33592233
98,nations,0,23168,3.811042171,0.544542396,-6.003570906,0,0.004,0.003883495
98,movement,0,12815,4.551720485,0.465835701,-15.09129857,0,0.011,0.010679612
98,refugees,0,5297,6.539196389,1.204383971,-51.80575186,0,0.265,0.257281553
98,conflicts,0,1360,7.469427474,0.18724813,-293.4586406,0,0.037,0.03592233
98,Ethiopia and Somalia,0,15,14.16442875,0.476390219,-54162.69029,0,0.366,0.355339806
99,Document,1,13415,4.784014746,0.76211006,-14.10352484,0,0.001,0.002427184
99,industrial espionage,0,6,14.98755099,0.106898123,-149411.6274,1,0.411,0.997572816
100,Document,1,13415,4.784014746,0.76211006,-14.10352484,0,0.001,0.04
100,U.S.,1,124379,1.927101869,0.759414532,0,1,0.024,0.96
101,document,0,13415,4.784014746,0.76211006,-14.10352484,0,0.001,0.000860585
101,information,0,21292,3.891697556,0.50967741,-6.896226063,0,0.004,0.003442341
101,jail and prison overcrowding,0,0,18.68799071,1.000003416,0,1,0.346,0.297762478
101,inmates,0,3574,7.343140026,1.44668834,-86.87669087,0,0.001,0.000860585
101,conditions,0,8312,4.950849016,0.255713742,-28.04331332,0,0.005,0.004302926
101,it,0,2767052,0.119934401,0.119931462,0,0,0.003,0.002581756
101,plans,0,18647,3.823079143,0.258593867,-8.526781778,0,0.004,0.003442341
101,overcrowded condition,0,7,14.98755099,0.299539785,-126047.6019,0,0.798,0.686746988
102,Document,1,13415,4.784014746,0.76211006,-14.10352484,0,0.001,0.000739098
102,alleged illegality,0,0,18.68799071,1.000003416,0,1,0.346,0.255728012
102,entity,0,2341,6.698241435,0.195789801,-149.209222,0,0.196,0.144863267
102,contract,0,24761,4.199083617,1.023176973,-5.371046324,0,0.003,0.002217295
102,behalf,0,3368,6.124079465,0.142706755,-93.80687183,0,0.037,0.027346637
102,U.S.,1,124379,1.927101869,0.759414532,0,0,0.77,0.569105691
103,Document,1,13415,4.784014746,0.76211006,-14.10352484,0,0.003,0.004195804
103,insurance coverage,0,137,10.73962348,0.159692661,-4449.583278,0,0.366,0.511888112
103,long term care confinements,0,0,18.68799071,1.000003416,0,1,0.346,0.483916084
104,Document,1,13415,4.784014746,0.76211006,-14.10352484,0,0.001,0.002409639
104,major oil spills,0,9,14.4400632,0.073973253,-95476.2398,1,0.411,0.990361446
104,world,0,51344,2.724394669,0.512499576,-1.287652797,0,0.003,0.007228916
105,Document,1,13415,4.784014746,0.76211006,-14.10352484,0,0.001,0.001331558
105,implications,0,799,8.100213194,0.053353487,-560.5510391,0,0.001,0.001331558
105,decision,0,28761,3.467272307,0.494025963,-4.146568375,0,0.004,0.005326232
105,Wing Christian Fundamentalist Groups,1,0,18.68799071,1.000003416,0,1,0.567,0.754993342
105,political process,0,247,9.826903804,0.092269126,-2249.152548,0,0.089,0.118508655
105,their goals,0,73,11.54843936,0.069656061,-9141.422496,0,0.089,0.118508655
106,Documents,1,7599,5.611342101,0.789257419,-31.75688237,0,0.001,0.001034126
106,efforts,0,14155,4.149498621,0.202552596,-13.01834552,0,0.003,0.003102378
106,Gun Control Legislation,1,7,14.78110011,0.093088908,-126047.6019,1,0.963,0.995863495
107,Documents,1,7599,5.611342101,0.789257419,-31.75688237,0,0.035,0.027301092
107,studies,0,4893,5.801722557,0.353850952,-57.57011416,0,0.011,0.008580343
107,causes,0,2795,6.394806479,0.146430365,-119.1568983,0,0.265,0.206708268
107,multiple sclerosis,0,129,11.12574829,0.459688151,-4768.300208,1,0.366,0.28549142
107,research efforts,0,45,12.18019607,0.01561701,-15815.35451,0,0.069,0.053822153
107,treatments,0,540,9.017334461,0.40698765,-895.9443741,0,0.167,0.130265211
107,or cures,0,6,14.98755099,0.106898123,-149411.6274,0,0.366,0.28549142
107,it,0,2767052,0.119934401,0.119931462,0,0,0.003,0.002340094
108,Documents,1,7599,5.611342101,0.789257419,-31.75688237,0,0.011,0.013033175
108,issues,0,21234,3.892407594,0.506647138,-6.926843555,0,0.003,0.003554502
108,controversial proposals,0,5,15.22855909,0.125517218,-182637.9511,0,0.411,0.486966825
108,limits,0,3548,6.188393928,0.281500144,-87.70204943,0,0.004,0.004739336
108,number,0,35634,3.031426187,0.344428355,-2.795327077,0,0.003,0.003554502
108,terms members,0,0,18.68799071,1.000003416,0,0,0.411,0.486966825
108,Congress,1,48448,3.195918471,0.90977025,-1.474517549,1,0.001,0.001184834
109,relevant document,0,22,13.33043871,0.165938214,-35332.62023,0,0.089,0.099441341
109,information,0,21292,3.891697556,0.50967741,-6.896226063,0,0.004,0.004469274
109,work,0,129937,1.779187651,0.657476677,0.146501601,0,0.004,0.004469274
109,electric car,0,18,13.83000971,0.389888445,-44206.68685,1,0.798,0.891620112
110,Document,1,13415,4.784014746,0.76211006,-14.10352484,0,0.001,0.000661376
110,vitamins,0,184,10.87420952,0.716975169,-3165.998719,0,0.798,0.527777778
110,that,0,695367,0.461545589,0.406944067,0,0,0.003,0.001984127
110,cure,0,5977,5.434586381,0.271676405,-44.05872175,0,0.005,0.003306878
110,human diseases or ailments or documents,0,0,18.68799071,1.000003416,0,0,0.346,0.228835979
110,vitamins,0,184,10.87420952,0.716975169,-3165.998719,1,0.167,0.110449735
110,that,0,695367,0.461545589,0.406944067,0,0,0.003,0.001984127
110,health problems,0,379,9.306447759,0.187021565,-1362.208249,0,0.167,0.110449735
110,humans,0,1124,7.938959328,0.382843328,-370.6246403,0,0.022,0.014550265
111,Document,1,13415,4.784014746,0.76211006,-14.10352484,0,0.003,0.005110733
111,information,0,21292,3.891697556,0.50967741,-6.896226063,0,0.003,0.005110733
111,problems and actions,0,0,18.68799071,1.000003416,0,0,0.411,0.700170358
111,what,0,77139,2.089225764,0.380928629,0,0,0.003,0.005110733
111,acid rain,0,922,8.958369966,1.117421013,-471.5286493,1,0.167,0.284497445
112,Document,1,13415,4.784014746,0.76211006,-14.10352484,0,0.001,0.001319261
112,data,0,6998,5.42927747,0.490383426,-35.56393526,0,0.004,0.005277045
112,that,0,695367,0.461545589,0.406944067,0,0,0.004,0.005277045
112,type and purpose,0,0,18.68799071,1.000003416,0,0,0.366,0.482849604
112,vehicles,0,5017,5.91011899,0.497923814,-55.68975162,0,0.037,0.048812665
112,American or Foreign automobile companies,0,0,18.68799071,1.000003416,0,1,0.346,0.45646438
113,South Vietnam,1,327,9.851940355,0.520388145,-1620.215727,1,0.963,0.554723502
113,number,0,35634,3.031426187,0.344428355,-2.795327077,0,0.003,0.001728111
113,U.S.,1,124379,1.927101869,0.759414532,0,0,0.77,0.443548387
114,Document,1,13415,4.784014746,0.76211006,-14.10352484,0,0.001,0.001246883
114,FDA or Congressional investigations,0,0,18.68799071,1.000003416,0,0,0.346,0.431421446
114,illegal activities,0,127,10.7871239,0.098702785,-4854.674513,0,0.089,0.110972569
114,generic drug manufacturers,0,5,15.22855909,0.125517218,-182637.9511,1,0.366,0.456359102
115,document,0,13415,4.784014746,0.76211006,-14.10352484,0,0.001,0.004975124
115,information,0,21292,3.891697556,0.50967741,-6.896226063,0,0.004,0.019900498
115,what,0,77139,2.089225764,0.380928629,0,0,0.003,0.014925373
115,opinion,0,6164,5.410267428,0.2911597,-42.26375371,0,0.004,0.019900498
115,tobacco industry,0,181,10.71644716,0.535636233,-3226.802736,1,0.167,0.830845771
115,its advertising,0,78,11.44958597,0.065112977,-8477.543235,0,0.022,0.109452736
116,document,0,13415,4.784014746,0.76211006,-14.10352484,0,0.001,0.000802568
116,information,0,21292,3.891697556,0.50967741,-6.896226063,0,0.003,0.002407705
116,charges,0,24901,3.722161342,0.553919587,-5.320084634,0,0.003,0.002407705
116,standardized testing,0,14,14.04413452,0.262989997,-58483.38704,1,0.798,0.640449438
116,applicants,0,1247,8.055904297,0.649061443,-326.4303966,0,0.026,0.020866774
116,college level,0,12,14.04413452,0.056545951,-69408.66413,0,0.069,0.055377207
116,racial minorities women,0,0,18.68799071,1.000003416,0,0,0.346,0.277688604
117,relevant document,0,22,13.33043871,0.165938214,-35332.62023,0,0.366,0.288416076
117,efforts,0,14155,4.149498621,0.202552596,-13.01834552,0,0.004,0.003152088
117,USA,1,31469,3.229552054,0.377087905,-3.527519168,0,0.003,0.002364066
117,way,0,105187,1.759183214,0.409362821,-0.003255424,0,0.004,0.003152088
117,portrayal,0,515,8.800770094,0.122251122,-947.8777367,0,0.089,0.070133964
117,violence and sex scenes,0,0,18.68799071,1.000003416,0,1,0.366,0.288416076
117,movies,0,3092,6.588971719,0.485225853,-104.7162034,0,0.026,0.020488574
117,television or videos,0,0,18.68799071,1.000003416,0,0,0.411,0.323877069
118,document,0,13415,4.784014746,0.76211006,-14.10352484,0,0.004,0.002518892
118,role,0,21179,3.789436557,0.400119323,-6.956062133,0,0.004,0.002518892
118,Federal Government,1,3419,6.194885817,0.235015249,-92.00447285,0,0.253,0.159319899
118,operation,0,25855,3.558989497,0.441791533,-4.990432901,0,0.003,0.001889169
118,National Railroad Transportation Corporation,1,0,18.68799071,1.000003416,0,1,0.411,0.258816121
118,AMTRAK,1,775,9.409541252,1.318820133,-581.5188696,0,0.913,0.574937028
119,Document,1,13415,4.784014746,0.76211006,-14.10352484,0,0.003,0.001692047
119,problems,0,21344,3.721350079,0.34267422,-6.868944477,0,0.003,0.001692047
119,garbage or trash removal,0,0,18.68799071,1.000003416,0,1,0.366,0.20642978
119,cost figure,0,18,13.64359659,0.203475321,-44206.68685,0,0.689,0.388606881
119,household or government entity,0,0,18.68799071,1.000003416,0,0,0.346,0.195149464
119,local state,0,0,18.68799071,1.000003416,0,0,0.366,0.20642978
120,Document,1,13415,4.784014746,0.76211006,-14.10352484,0,0.003,0.001084207
120,use,0,342610,0.775200759,0.457949432,0,0,0.004,0.001445609
120,silicone gel breast,0,0,18.68799071,1.000003416,0,1,0.411,0.148536321
120,Dow-Corning Corporation,1,0,18.68799071,1.000003416,0,0,0.567,0.20491507
120,s,0,24081728,0.022686024,0.022686024,0.02067707,0,0.003,0.001084207
120,future medical problems,0,0,18.68799071,1.000003416,0,0,0.366,0.13227322
120,that,0,695367,0.461545589,0.406944067,0,0,0.004,0.001445609
120,result,0,24983,3.412775547,0.249002043,-5.290554852,0,0.004,0.001445609
120,manufacturing defects or lack,0,0,18.68799071,1.000003416,0,0,0.346,0.125045175
120,proper testing,0,8,14.60052787,0.082438248,-108760.947,0,0.689,0.249006144
120,approval,0,7209,5.155756557,0.258996209,-34.14512588,0,0.004,0.001445609
120,general public use,0,0,18.68799071,1.000003416,0,0,0.366,0.13227322
121,Document,1,13415,4.784014746,0.76211006,-14.10352484,0,0.001,0.000615764
121,role,0,21179,3.789436557,0.400119323,-6.956062133,0,0.003,0.001847291
121,mutual funds,0,492,8.958369966,0.214146114,-1000.705117,0,0.411,0.253078818
121,investment alternative,0,1,17.10302821,0.415037499,-1060784.961,0,0.798,0.49137931
121,individual s retirement program,0,0,18.68799071,1.000003416,0,1,0.411,0.253078818
122,Document,1,13415,4.784014746,0.76211006,-14.10352484,0,0.003,0.002094972
122,effectiveness,0,773,8.203167816,0.108730439,-583.3300008,0,0.037,0.025837989
122,use,0,342610,0.775200759,0.457949432,0,0,0.003,0.002094972
122,medical products,0,20,13.33043871,0.034700513,-39302.90829,1,0.069,0.048184358
122,psychiatric services,0,5,15.22855909,0.125517218,-182637.9511,0,0.689,0.481145251
122,cessation,0,174,10.39797186,0.160601321,-3377.404258,0,0.366,0.255586592
122,smoking,0,3440,7.37681005,1.425699504,-91.27957657,0,0.265,0.185055866
123,Document,1,13415,4.784014746,0.76211006,-14.10352484,0,0.003,0.001728111
123,data,0,6998,5.42927747,0.490383426,-35.56393526,0,0.005,0.002880184
123,smoking bans,0,9,14.78110011,0.415010171,-95476.2398,1,0.366,0.210829493
123,public and private sector workplace,0,0,18.68799071,1.000003416,0,0,0.346,0.199308756
123,various modes,0,1,17.10302821,0.415037499,-1060784.961,0,0.798,0.459677419
123,public transportation,0,239,9.903355864,0.121442795,-2337.071471,0,0.022,0.012672811
123,commercial advertising,0,10,14.29567329,0.067083451,-84962.39607,0,0.196,0.112903226
124,Document,1,13415,4.784014746,0.76211006,-14.10352484,0,0.001,0.000875657
124,data,0,6998,5.42927747,0.490383426,-35.56393526,0,0.011,0.009632224
124,Comprehensive Environmental Response Compensation and Liability Act,0,0,18.68799071,1.000003416,0,0,0.346,0.302977233
124,Superfund 124 Program,1,3,15.88063579,0.192638246,-320011.8531,1,0.784,0.686514886
125,Document,1,13415,4.784014746,0.76211006,-14.10352484,0,0.001,0.001915709
125,occasions,0,933,7.879830937,0.055936336,-464.8036259,0,0.004,0.007662835
125,which,0,156482,1.199797518,0.265760258,0,0,0.004,0.007662835
125,NRA,1,2325,7.283381312,0.771094256,-150.5065474,1,0.009,0.017241379
125,actions,0,10485,4.617115064,0.249635005,-20.20006766,0,0.004,0.007662835
125,which,0,156482,1.199797518,0.265760258,0,0,0.003,0.005747126
125,passage,0,2284,6.727626701,0.189822519,-153.9226504,0,0.004,0.007662835
125,legislation,0,11596,4.899170438,0.673215359,-17.46822831,0,0.045,0.086206897
125,proliferation,0,486,9.150772309,0.388903072,-1015.374814,0,0.411,0.787356322
125,guns,0,6464,5.585850957,0.534272981,-39.62804542,0,0.037,0.070881226
126,Document,1,13415,4.784014746,0.76211006,-14.10352484,0,0.003,0.103448276
126,private investigator,0,95,11.25336248,0.150013172,-6770.177542,1,0.022,0.75862069
126,work,0,129937,1.779187651,0.657476677,0.146501601,0,0.004,0.137931034
127,Document,1,13415,4.784014746,0.76211006,-14.10352484,0,0.003,0.002929688
127,arguments,0,3193,6.294868436,0.237135879,-100.4806805,0,0.196,0.19140625
127,English,1,6122,5.627125933,0.498298774,-42.65612206,0,0.003,0.002929688
127,standard language,0,1,17.10302821,0.415037499,-1060784.961,1,0.798,0.779296875
127,U.S.,1,124379,1.927101869,0.759414532,0.120815599,0,0.024,0.0234375
128,Document,1,13415,4.784014746,0.76211006,0,0,0.002,0.006309148
128,attacks,0,8885,5.103615363,0.502700878,-25.54670891,0,0.004,0.012618297
128,dogs,0,2513,7.083900848,0.683106345,-136.4094368,1,0.026,0.082018927
128,humans,0,1124,7.938959328,0.382843328,-370.6246403,0,0.022,0.069400631
128,U.S.,1,124379,1.927101869,0.759414532,0.120815599,0,0.263,0.829652997
129,Document,1,13415,4.784014746,0.76211006,0,0,0.002,0.068965517
129,countries,0,21909,3.963103868,0.620222174,-6.582443804,0,0.003,0.103448276
129,U.S.,1,124379,1.927101869,0.759414532,0.120815599,1,0.024,0.827586207
130,Document,1,13415,4.784014746,0.76211006,0,0,0.003,0.002610966
130,ineffective results,0,0,18.68799071,1.000003416,0,0,0.346,0.301131419
130,embargo,0,1022,8.262774807,0.569888097,-416.1509786,0,0.037,0.032201915
130,sanction activities,0,0,18.68799071,1.000003416,0,1,0.411,0.35770235
130,foreign nation,0,173,10.35260036,0.106965612,-3399.982124,0,0.089,0.07745866
130,U.S.,1,124379,1.927101869,0.759414532,0.120815599,0,0.263,0.228894691
131,Document,1,13415,4.784014746,0.76211006,0,0,0.003,0.003821656
131,reports,0,22403,3.657280473,0.34490758,-6.346023197,0,0.003,0.003821656
131,elderly patients,0,52,12.1181351,0.157890629,-13431.38421,0,0.022,0.028025478
131,nursing homes and other facilities,0,0,18.68799071,1.000003416,0,0,0.411,0.523566879
131,skilled medical and nonmedical personnel and family members,0,0,18.68799071,1.000003416,0,1,0.346,0.440764331
132,Document,1,13415,4.784014746,0.76211006,-14.10352484,0,0.001,0.000902527
132,information,0,21292,3.891697556,0.50967741,-6.896226063,0,0.003,0.002707581
132,world s food fish population,0,0,18.68799071,1.000003416,0,1,0.366,0.33032491
132,commercial overfishing,0,0,18.68799071,1.000003416,0,0,0.366,0.33032491
132,information,0,21292,3.891697556,0.50967741,-6.896226063,0,0.003,0.002707581
132,need,0,37851,2.935949869,0.328672674,-2.485365453,0,0.003,0.002707581
132,counteractive measures,0,0,18.68799071,1.000003416,0,0,0.366,0.33032491
133,Document,1,13415,4.784014746,0.76211006,-14.10352484,0,0.003,0.001247401
133,asbestos,0,886,10.01203368,2.113811072,-494.8102805,0,0.411,0.170893971
133,lawsuits,0,1828,7.275950195,0.418562137,-203.4916883,0,0.026,0.010810811
133,asbestosis,0,21,13.55870769,0.33008028,-37218.27677,1,0.366,0.152182952
133,chronic disease,0,22,13.26172596,0.097225464,-12013.09088,0,0.366,0.152182952
133,lungs or mesothelioma,0,1,17.10302821,0.415037499,-1060784.961,0,0.798,0.331808732
133,incurable cancer,0,3,15.88063579,0.192638246,-320011.8531,0,0.089,0.037006237
133,chest and abdominal membranes,0,0,18.68799071,1.000003416,0,0,0.346,0.143866944
134,Document,1,13415,4.784014746,0.76211006,-14.10352484,0,0.003,0.006681514
134,problems,0,21344,3.721350079,0.34267422,-6.868944477,0,0.003,0.006681514
134,pension plans,0,172,10.95328109,0.699334494,-3422.840339,1,0.167,0.371937639
134,funds,0,10643,4.91227756,0.565838221,-19.77131319,0,0.011,0.024498886
134,fraud,0,8784,5.477167191,0.860103471,-25.95980706,0,0.265,0.590200445
135,Document,1,13415,4.784014746,0.76211006,-14.10352484,0,0.001,0.003448276
135,reform,0,18319,4.477243277,0.888260731,-8.768293117,0,0.004,0.013793103
135,welfare system,0,96,11.25336248,0.164960098,-6689.651926,1,0.022,0.075862069
135,U.S.,1,124379,1.927101869,0.759414532,0.120815599,0,0.263,0.906896552
136,Document,1,13415,4.784014746,0.76211006,0,0,0.003,0.003792668
136,difference,0,7758,5.03794872,0.245195478,-30.8612411,0,0.011,0.013906448
136,educational learning levels,0,0,18.68799071,1.000003416,0,1,0.411,0.519595449
136,inner city and other public school students,0,0,18.68799071,1.000003416,0,0,0.366,0.462705436
137,Document,1,13415,4.784014746,0.76211006,-14.10352484,0,0.001,0.001097695
137,instances,0,977,7.82612837,0.068495489,-439.5453784,0,0.004,0.004390779
137,loss,0,15417,4.337258668,0.509253801,-11.44468571,0,0.003,0.003293085
137,independence,0,6387,5.725998479,0.657396152,-40.2778548,0,0.037,0.040614709
137,publishers,0,1025,8.248159826,0.559487462,-414.6707303,0,0.037,0.040614709
137,sale or merger,0,4,15.51806571,0.151992845,-233413.3427,0,0.022,0.024149286
137,their business or publication,0,0,18.68799071,1.000003416,0,1,0.346,0.379802415
137,sale,0,43832,3.320746613,0.905343837,-1.839287978,0,0.003,0.003293085
137,significant interest,0,14,13.83000971,0.048865191,-58483.38704,0,0.089,0.097694841
137,it,0,2767052,0.119934401,0.119931462,0.108244391,0,0.003,0.003293085
137,person or company,0,7,14.78110011,0.093088908,0,0,0.366,0.401756312
138,Document,1,13415,4.784014746,0.76211006,-14.10352484,0,0.001,0.002421308
138,instances,0,977,7.82612837,0.068495489,-439.5453784,0,0.022,0.053268765
138,beach erosion,0,29,13.01556537,0.234369604,-25930.4668,1,0.366,0.886198547
138,U.S.,1,124379,1.927101869,0.759414532,0.120815599,0,0.024,0.05811138
139,Document,1,13415,4.784014746,0.76211006,0,0,0.003,0.002523129
139,murderer s motive,0,0,18.68799071,1.000003416,0,1,0.366,0.307821699
139,person or persons,0,14,13.83000971,0.048865191,-58483.38704,0,0.022,0.018502944
139,true case,0,1,17.10302821,0.415037499,-1060784.961,0,0.798,0.671152229
140,Document,1,13415,4.784014746,0.76211006,-14.10352484,0,0.001,0.002762431
140,instances,0,977,7.82612837,0.068495489,-439.5453784,0,0.004,0.011049724
140,fraud,0,8784,5.477167191,0.860103471,-25.95980706,1,0.004,0.011049724
140,world,0,51344,2.724394669,0.512499576,-1.287652797,0,0.003,0.008287293
140,use,0,342610,0.775200759,0.457949432,0.315078221,0,0.004,0.011049724
140,electronic computer,0,3,15.88063579,0.192638246,0,0,0.346,0.955801105
141,Documents,1,7599,5.611342101,0.789257419,-31.75688237,0,0.011,0.024663677
141,attempt or idea,0,0,18.68799071,1.000003416,0,1,0.411,0.921524664
141,U.S.,1,124379,1.927101869,0.759414532,0.120815599,0,0.024,0.053811659
142,chemical,0,11918,5.299300683,1.111767379,0,0,0.045,0.036945813
142,cleaning,0,1544,7.312408197,0.212540783,-250.9501354,0,0.026,0.02134647
142,oil spills,0,202,10.3436948,0.320353428,-2841.508219,1,0.167,0.137110016
142,Exxon Valdez,1,774,8.601854485,0.509276438,-582.4231663,0,0.98,0.804597701
143,children,0,32501,3.681445473,0.872096194,-3.324461913,0,0.003,0.004043127
143,activities,0,6869,5.196262853,0.230968366,-36.4802284,0,0.004,0.005390836
143,consumer safety groups and parents,0,0,18.68799071,1.000003416,0,1,0.366,0.493261456
143,production,0,19230,4.3322955,0.810261279,-8.121456634,0,0.003,0.004043127
143,dangerous toys,0,27,13.83000971,0.949285109,-28093.95396,0,0.366,0.493261456
144,Document,1,13415,4.784014746,0.76211006,-14.10352484,0,0.003,0.007832898
144,amount,0,14952,4.180134142,0.309518051,-11.98844865,0,0.001,0.002610966
144,money,0,35708,3.294097542,0.609846841,-2.784206325,0,0.003,0.007832898
144,writers,0,3414,6.730525863,0.768561582,-92.17853053,1,0.026,0.067885117
144,result,0,24983,3.412775547,0.249002043,-5.290554852,0,0.004,0.010443864
144,their writing efforts,0,0,18.68799071,1.000003416,0,0,0.346,0.903394256
145,negative instances,0,0,18.68799071,1.000003416,0,0,0.411,0.350682594
145,stock market shifts,0,0,18.68799071,1.000003416,0,1,0.346,0.295221843
145,computer,0,15440,5.040419858,1.214487933,-11.41878297,0,0.004,0.003412969
145,trading initiatives,0,0,18.68799071,1.000003416,0,0,0.411,0.350682594
146,proposed or actual government financed voucher system,0,0,18.68799071,1.000003416,0,1,0.411,0.304670126
146,elementary and secondary students,0,1,17.10302821,0.415037499,-1060784.961,0,0.798,0.591549296
146,them,0,85501,1.983398064,0.396843468,-0.226254563,0,0.047,0.034840623
146,school,0,46560,3.523358713,1.186073624,0,0,0.004,0.002965159
146,their choice,0,182,10.22446634,0.051557196,-3206.296848,0,0.089,0.065974796
147,reform,0,18319,4.477243277,0.888260731,-8.768293117,0,0.003,0.00528169
147,which,0,156482,1.199797518,0.265760258,0.230590956,0,0.003,0.00528169
147,injured party,0,3,15.88063579,0.192638246,0,0,0.366,0.644366197
147,judgement,0,85,11.37510775,0.113094857,-7686.669776,0,0.089,0.156690141
147,regard,0,6977,5.033690335,0.090532423,-35.71048151,0,0.011,0.019366197
147,limitations,0,668,8.455569783,0.151163537,-695.0633804,0,0.037,0.065140845
147,monetary compensation,0,9,14.60052787,0.234437925,-95476.2398,1,0.022,0.038732394
147,plaintiffs,0,1057,8.358194372,0.713721679,-399.4496332,0,0.037,0.065140845
148,medical science,0,52,12.02977923,0.069534754,-13431.38421,0,0.196,0.293853073
148,which,0,156482,1.199797518,0.265760258,0.230590956,0,0.003,0.004497751
148,researchers,0,4720,6.32796669,0.82876221,0,0,0.003,0.004497751
148,genes,0,761,8.941476389,0.824537412,-594.4137913,1,0.037,0.055472264
148,cure,0,5977,5.434586381,0.271676405,-44.05872175,0,0.011,0.016491754
148,person,0,33620,3.092004837,0.327766789,-3.121477152,0,0.003,0.004497751
148,s,0,24081728,0.022686024,0.022686024,0.02067707,0,0.003,0.004497751
148,medical condition or illness,0,0,18.68799071,1.000003416,0,0,0.411,0.616191904
149,assistance,0,5752,5.592099247,0.374605908,-46.39392329,0,0.037,0.022010708
149,competent person,0,13,14.16442875,0.283751973,-63504.88988,0,0.798,0.47471743
149,doctor nurse medical technician,0,0,18.68799071,1.000003416,0,0,0.346,0.205829863
149,legality,0,305,9.515563201,0.083921965,-1758.025319,1,0.089,0.052944676
149,assisted action,0,0,18.68799071,1.000003416,0,0,0.411,0.244497323
150,foreign textiles or textile products,0,0,18.68799071,1.000003416,0,1,0.411,0.609792285
150,U.S.,1,124379,1.927101869,0.759414532,0.120815599,0,0.263,0.390207715