<DOC>
<DOCNO>1</DOCNO>
<TEXT>
Document
</TEXT>
<DOCNO>2</DOCNO>
<TEXT>
government
assistance
</TEXT>
<DOCNO>3</DOCNO>
<TEXT>
Airbus
Industrie
</TEXT>
<DOCNO>4</DOCNO>
<TEXT>
trade
dispute
</TEXT>
<DOCNO>5</DOCNO>
<TEXT>
Airbus
</TEXT>
<DOCNO>6</DOCNO>
<TEXT>
U.S.
</TEXT>
<DOCNO>7</DOCNO>
<TEXT>
Document
</TEXT>
<DOCNO>8</DOCNO>
<TEXT>
sanctions
</TEXT>
<DOCNO>9</DOCNO>
<TEXT>
South
Africa
</TEXT>
<DOCNO>10</DOCNO>
<TEXT>
Document
</TEXT>
<DOCNO>11</DOCNO>
<TEXT>
leveraged
buyout
</TEXT>
<DOCNO>12</DOCNO>
<TEXT>
200
million
dollars
</TEXT>
<DOCNO>13</DOCNO>
<TEXT>
Document
</TEXT>
<DOCNO>14</DOCNO>
<TEXT>
contract
or
preliminary
agreement
</TEXT>
<DOCNO>15</DOCNO>
<TEXT>
tentative
reservation
</TEXT>
<DOCNO>16</DOCNO>
<TEXT>
commercial
satellite
</TEXT>
<DOCNO>17</DOCNO>
<TEXT>
Document
</TEXT>
<DOCNO>18</DOCNO>
<TEXT>
insider-trading
case
</TEXT>
<DOCNO>19</DOCNO>
<TEXT>
Document
</TEXT>
<DOCNO>20</DOCNO>
<TEXT>
prediction
</TEXT>
<DOCNO>21</DOCNO>
<TEXT>
prime
lending
rate
</TEXT>
<DOCNO>22</DOCNO>
<TEXT>
actual
prime
rate
move
</TEXT>
<DOCNO>23</DOCNO>
<TEXT>
Document
</TEXT>
<DOCNO>24</DOCNO>
<TEXT>
MCI
</TEXT>
<DOCNO>25</DOCNO>
<TEXT>
Bell
System
breakup
</TEXT>
<DOCNO>26</DOCNO>
<TEXT>
Document
</TEXT>
<DOCNO>27</DOCNO>
<TEXT>
rail
strike
or
report
</TEXT>
<DOCNO>28</DOCNO>
<TEXT>
ongoing
rail
strike
</TEXT>
<DOCNO>29</DOCNO>
<TEXT>
Document
</TEXT>
<DOCNO>30</DOCNO>
<TEXT>
type
</TEXT>
<DOCNO>31</DOCNO>
<TEXT>
weather
event
</TEXT>
<DOCNO>32</DOCNO>
<TEXT>
which
</TEXT>
<DOCNO>33</DOCNO>
<TEXT>
least
one
fatality
</TEXT>
<DOCNO>34</DOCNO>
<TEXT>
location
</TEXT>
<DOCNO>35</DOCNO>
<TEXT>
Document
</TEXT>
<DOCNO>36</DOCNO>
<TEXT>
one
</TEXT>
<DOCNO>37</DOCNO>
<TEXT>
sides
</TEXT>
<DOCNO>38</DOCNO>
<TEXT>
controversy
</TEXT>
<DOCNO>39</DOCNO>
<TEXT>
use
</TEXT>
<DOCNO>40</DOCNO>
<TEXT>
standards
</TEXT>
<DOCNO>41</DOCNO>
<TEXT>
performance
</TEXT>
<DOCNO>42</DOCNO>
<TEXT>
salary
levels
and
incentive
pay
</TEXT>
<DOCNO>43</DOCNO>
<TEXT>
pay
</TEXT>
<DOCNO>44</DOCNO>
<TEXT>
basis
</TEXT>
<DOCNO>45</DOCNO>
<TEXT>
seniority
or
longevity
</TEXT>
<DOCNO>46</DOCNO>
<TEXT>
job
</TEXT>
<DOCNO>47</DOCNO>
<TEXT>
Document
</TEXT>
<DOCNO>48</DOCNO>
<TEXT>
role
</TEXT>
<DOCNO>49</DOCNO>
<TEXT>
Israel
</TEXT>
<DOCNO>50</DOCNO>
<TEXT>
Iran-Contra
Affair
</TEXT>
<DOCNO>51</DOCNO>
<TEXT>
Document
</TEXT>
<DOCNO>52</DOCNO>
<TEXT>
military
coup
</TEXT>
<DOCNO>53</DOCNO>
<TEXT>
country
</TEXT>
<DOCNO>54</DOCNO>
<TEXT>
Document
</TEXT>
<DOCNO>55</DOCNO>
<TEXT>
machine
translation
system
</TEXT>
<DOCNO>56</DOCNO>
<TEXT>
Document
</TEXT>
<DOCNO>57</DOCNO>
<TEXT>
event
or
result
</TEXT>
<DOCNO>58</DOCNO>
<TEXT>
Document
</TEXT>
<DOCNO>59</DOCNO>
<TEXT>
type
</TEXT>
<DOCNO>60</DOCNO>
<TEXT>
information
retrieval
system
</TEXT>
<DOCNO>61</DOCNO>
<TEXT>
Document
</TEXT>
<DOCNO>62</DOCNO>
<TEXT>
type
</TEXT>
<DOCNO>63</DOCNO>
<TEXT>
natural
language
processing
technology
</TEXT>
<DOCNO>64</DOCNO>
<TEXT>
which
</TEXT>
<DOCNO>65</DOCNO>
<TEXT>
U.S.
</TEXT>
<DOCNO>66</DOCNO>
<TEXT>
Document
</TEXT>
<DOCNO>67</DOCNO>
<TEXT>
current
civil
disturbance
</TEXT>
<DOCNO>68</DOCNO>
<TEXT>
country
,
involving
citizens
</TEXT>
<DOCNO>69</DOCNO>
<TEXT>
country
</TEXT>
<DOCNO>70</DOCNO>
<TEXT>
political
position
</TEXT>
<DOCNO>71</DOCNO>
<TEXT>
their
own
country
's
government
</TEXT>
<DOCNO>72</DOCNO>
<TEXT>
Document
</TEXT>
<DOCNO>73</DOCNO>
<TEXT>
actual
studies
</TEXT>
<DOCNO>74</DOCNO>
<TEXT>
unsubstantiated
concerns
</TEXT>
<DOCNO>75</DOCNO>
<TEXT>
safety
</TEXT>
<DOCNO>76</DOCNO>
<TEXT>
manufacturing
employees
and
installation
workers
</TEXT>
<DOCNO>77</DOCNO>
<TEXT>
fine-diameter
fibers
</TEXT>
<DOCNO>78</DOCNO>
<TEXT>
insulation
and
other
products
</TEXT>
<DOCNO>79</DOCNO>
<TEXT>
Document
</TEXT>
<DOCNO>80</DOCNO>
<TEXT>
attempt
</TEXT>
<DOCNO>81</DOCNO>
<TEXT>
U.S.
</TEXT>
<DOCNO>82</DOCNO>
<TEXT>
Document
</TEXT>
<DOCNO>83</DOCNO>
<TEXT>
judicial
proceedings
and
opinions
</TEXT>
<DOCNO>84</DOCNO>
<TEXT>
contracts
</TEXT>
<DOCNO>85</DOCNO>
<TEXT>
surrogate
motherhood
</TEXT>
<DOCNO>86</DOCNO>
<TEXT>
Document
</TEXT>
<DOCNO>87</DOCNO>
<TEXT>
incursions
</TEXT>
<DOCNO>88</DOCNO>
<TEXT>
land
,
air
,
or
water
</TEXT>
<DOCNO>89</DOCNO>
<TEXT>
border
area
</TEXT>
<DOCNO>90</DOCNO>
<TEXT>
one
country
</TEXT>
<DOCNO>91</DOCNO>
<TEXT>
military
forces
</TEXT>
<DOCNO>92</DOCNO>
<TEXT>
second
country
</TEXT>
<DOCNO>93</DOCNO>
<TEXT>
guerrilla
group
</TEXT>
<DOCNO>94</DOCNO>
<TEXT>
second
country
</TEXT>
<DOCNO>95</DOCNO>
<TEXT>
Document
</TEXT>
<DOCNO>96</DOCNO>
<TEXT>
movement
</TEXT>
<DOCNO>97</DOCNO>
<TEXT>
people
</TEXT>
<DOCNO>98</DOCNO>
<TEXT>
one
area
</TEXT>
<DOCNO>99</DOCNO>
<TEXT>
U.S.
</TEXT>
<DOCNO>100</DOCNO>
<TEXT>
Document
</TEXT>
<DOCNO>101</DOCNO>
<TEXT>
movement
</TEXT>
<DOCNO>102</DOCNO>
<TEXT>
people
</TEXT>
<DOCNO>103</DOCNO>
<TEXT>
one
country
</TEXT>
<DOCNO>104</DOCNO>
<TEXT>
variety
</TEXT>
<DOCNO>105</DOCNO>
<TEXT>
reasons
</TEXT>
<DOCNO>106</DOCNO>
<TEXT>
Document
</TEXT>
<DOCNO>107</DOCNO>
<TEXT>
instance
</TEXT>
<DOCNO>108</DOCNO>
<TEXT>
which
</TEXT>
<DOCNO>109</DOCNO>
<TEXT>
U.S.
</TEXT>
<DOCNO>110</DOCNO>
<TEXT>
Document
</TEXT>
<DOCNO>111</DOCNO>
<TEXT>
instance
</TEXT>
<DOCNO>112</DOCNO>
<TEXT>
which
automation
</TEXT>
<DOCNO>113</DOCNO>
<TEXT>
Document
</TEXT>
<DOCNO>114</DOCNO>
<TEXT>
discussion
</TEXT>
<DOCNO>115</DOCNO>
<TEXT>
,
or
debate
</TEXT>
<DOCNO>116</DOCNO>
<TEXT>
issue
</TEXT>
<DOCNO>117</DOCNO>
<TEXT>
original
intent
</TEXT>
<DOCNO>118</DOCNO>
<TEXT>
U.S.
</TEXT>
<DOCNO>119</DOCNO>
<TEXT>
Document
</TEXT>
<DOCNO>120</DOCNO>
<TEXT>
poaching
method
</TEXT>
<DOCNO>121</DOCNO>
<TEXT>
certain
type
</TEXT>
<DOCNO>122</DOCNO>
<TEXT>
wildlife
</TEXT>
<DOCNO>123</DOCNO>
<TEXT>
Document
</TEXT>
<DOCNO>124</DOCNO>
<TEXT>
activity
</TEXT>
<DOCNO>125</DOCNO>
<TEXT>
Greenpeace
</TEXT>
<DOCNO>126</DOCNO>
<TEXT>
their
environmental
protection
goals
</TEXT>
<DOCNO>127</DOCNO>
<TEXT>
Document
</TEXT>
<DOCNO>128</DOCNO>
<TEXT>
least
one
German
political
party
and
report
</TEXT>
<DOCNO>129</DOCNO>
<TEXT>
position
</TEXT>
<DOCNO>130</DOCNO>
<TEXT>
which
</TEXT>
<DOCNO>131</DOCNO>
<TEXT>
party
</TEXT>
<DOCNO>132</DOCNO>
<TEXT>
regard
</TEXT>
<DOCNO>133</DOCNO>
<TEXT>
political
,
social
,
economic
,
military
,
environmental
,
or
international
objective
</TEXT>
<DOCNO>134</DOCNO>
<TEXT>
Document
</TEXT>
<DOCNO>135</DOCNO>
<TEXT>
something
</TEXT>
<DOCNO>136</DOCNO>
<TEXT>
platform
</TEXT>
<DOCNO>137</DOCNO>
<TEXT>
1988
presidential
candidate
</TEXT>
<DOCNO>138</DOCNO>
<TEXT>
Document
</TEXT>
<DOCNO>139</DOCNO>
<TEXT>
loss
</TEXT>
<DOCNO>140</DOCNO>
<TEXT>
revenue
</TEXT>
<DOCNO>141</DOCNO>
<TEXT>
televangelist
</TEXT>
<DOCNO>142</DOCNO>
<TEXT>
aftermath
</TEXT>
<DOCNO>143</DOCNO>
<TEXT>
PTL
scandal
</TEXT>
<DOCNO>144</DOCNO>
<TEXT>
financial
crisis
</TEXT>
<DOCNO>145</DOCNO>
<TEXT>
scandal
</TEXT>
<DOCNO>146</DOCNO>
<TEXT>
Document
</TEXT>
<DOCNO>147</DOCNO>
<TEXT>
genetic
engineering
application
</TEXT>
<DOCNO>148</DOCNO>
<TEXT>
product
</TEXT>
<DOCNO>149</DOCNO>
<TEXT>
that
</TEXT>
<DOCNO>150</DOCNO>
<TEXT>
genetic
manipulation
,
or
attitudes
</TEXT>
<DOCNO>151</DOCNO>
<TEXT>
genetic
engineering
</TEXT>
<DOCNO>152</DOCNO>
<TEXT>
Document
</TEXT>
<DOCNO>153</DOCNO>
<TEXT>
plans
,
projects
,
agreements
,
treaties
,
or
laws
</TEXT>
<DOCNO>154</DOCNO>
<TEXT>
consideration
</TEXT>
<DOCNO>155</DOCNO>
<TEXT>
atmosphere
</TEXT>
<DOCNO>156</DOCNO>
<TEXT>
Document
</TEXT>
<DOCNO>157</DOCNO>
<TEXT>
or
under-construction
alternative
</TEXT>
<DOCNO>158</DOCNO>
<TEXT>
renewable
energy
plant
or
equipment
installations
</TEXT>
<DOCNO>159</DOCNO>
<TEXT>
Document
</TEXT>
<DOCNO>160</DOCNO>
<TEXT>
allegations
,
or
measures
</TEXT>
<DOCNO>161</DOCNO>
<TEXT>
,
corrupt
public
officials
</TEXT>
<DOCNO>162</DOCNO>
<TEXT>
governmental
jurisdiction
</TEXT>
<DOCNO>163</DOCNO>
<TEXT>
Document
</TEXT>
<DOCNO>164</DOCNO>
<TEXT>
recent
bank
failures
</TEXT>
<DOCNO>165</DOCNO>
<TEXT>
United
States
,
specifying
name
,
location
,
assets
,
and
federal
or
state
authorities
taking
action
</TEXT>
<DOCNO>166</DOCNO>
<TEXT>
Document
</TEXT>
<DOCNO>167</DOCNO>
<TEXT>
current
criminal
actions
</TEXT>
<DOCNO>168</DOCNO>
<TEXT>
officers
</TEXT>
<DOCNO>169</DOCNO>
<TEXT>
U.S.
</TEXT>
<DOCNO>170</DOCNO>
<TEXT>
Document
</TEXT>
<DOCNO>171</DOCNO>
<TEXT>
quantitative
data
</TEXT>
<DOCNO>172</DOCNO>
<TEXT>
charting
international
crude
oil
price
trends
</TEXT>
<DOCNO>173</DOCNO>
<TEXT>
Document
</TEXT>
<DOCNO>174</DOCNO>
<TEXT>
existing
or
pending
investment
</TEXT>
<DOCNO>175</DOCNO>
<TEXT>
OPEC
member
state
</TEXT>
<DOCNO>176</DOCNO>
<TEXT>
operation
</TEXT>
<DOCNO>177</DOCNO>
<TEXT>
Document
</TEXT>
<DOCNO>178</DOCNO>
<TEXT>
or
specific
data
</TEXT>
<DOCNO>179</DOCNO>
<TEXT>
changes
</TEXT>
<DOCNO>180</DOCNO>
<TEXT>
reserve
figures
</TEXT>
<DOCNO>181</DOCNO>
<TEXT>
oil
or
natural
gas
producer
</TEXT>
<DOCNO>182</DOCNO>
<TEXT>
Document
</TEXT>
<DOCNO>183</DOCNO>
<TEXT>
acquisition
</TEXT>
<DOCNO>184</DOCNO>
<TEXT>
U.S.
</TEXT>
<DOCNO>185</DOCNO>
<TEXT>
Document
</TEXT>
<DOCNO>186</DOCNO>
<TEXT>
sale
</TEXT>
<DOCNO>187</DOCNO>
<TEXT>
military
equipment
</TEXT>
<DOCNO>188</DOCNO>
<TEXT>
international
arms
</TEXT>
<DOCNO>189</DOCNO>
<TEXT>
Document
</TEXT>
<DOCNO>190</DOCNO>
<TEXT>
supporters
</TEXT>
<DOCNO>191</DOCNO>
<TEXT>
National
Rifle
Association
</TEXT>
<DOCNO>192</DOCNO>
<TEXT>
NRA
</TEXT>
<DOCNO>193</DOCNO>
<TEXT>
its
assets
</TEXT>
<DOCNO>194</DOCNO>
<TEXT>
Document
</TEXT>
<DOCNO>195</DOCNO>
<TEXT>
crime
</TEXT>
<DOCNO>196</DOCNO>
<TEXT>
aid
</TEXT>
<DOCNO>197</DOCNO>
<TEXT>
computer
</TEXT>
<DOCNO>198</DOCNO>
<TEXT>
Document
</TEXT>
<DOCNO>199</DOCNO>
<TEXT>
computer
application
</TEXT>
<DOCNO>200</DOCNO>
<TEXT>
crime
</TEXT>
<DOCNO>201</DOCNO>
<TEXT>
Document
</TEXT>
<DOCNO>202</DOCNO>
<TEXT>
computer
programs
,
or
computerized
equipment
</TEXT>
<DOCNO>203</DOCNO>
<TEXT>
which
</TEXT>
<DOCNO>204</DOCNO>
<TEXT>
medical
diagnosis
</TEXT>
<DOCNO>205</DOCNO>
<TEXT>
Document
</TEXT>
<DOCNO>206</DOCNO>
<TEXT>
instances
</TEXT>
<DOCNO>207</DOCNO>
<TEXT>
fiber
optics
technology
</TEXT>
<DOCNO>208</DOCNO>
<TEXT>
use
</TEXT>
<DOCNO>209</DOCNO>
<TEXT>
Document
</TEXT>
<DOCNO>210</DOCNO>
<TEXT>
individuals
or
organizations
</TEXT>
<DOCNO>211</DOCNO>
<TEXT>
which
</TEXT>
<DOCNO>212</DOCNO>
<TEXT>
fiber
optics
equipment
</TEXT>
<DOCNO>213</DOCNO>
<TEXT>
Document
</TEXT>
<DOCNO>214</DOCNO>
<TEXT>
development
</TEXT>
<DOCNO>215</DOCNO>
<TEXT>
Iran-Contra
Affair
</TEXT>
<DOCNO>216</DOCNO>
<TEXT>
Document
</TEXT>
<DOCNO>217</DOCNO>
<TEXT>
efforts
</TEXT>
<DOCNO>218</DOCNO>
<TEXT>
states
</TEXT>
<DOCNO>219</DOCNO>
<TEXT>
transfer
</TEXT>
<DOCNO>220</DOCNO>
<TEXT>
high-tech
goods
</TEXT>
<DOCNO>221</DOCNO>
<TEXT>
technologies
</TEXT>
<DOCNO>222</DOCNO>
<TEXT>
undesirable
nations
</TEXT>
<DOCNO>223</DOCNO>
<TEXT>
Document
</TEXT>
<DOCNO>224</DOCNO>
<TEXT>
information
</TEXT>
<DOCNO>225</DOCNO>
<TEXT>
configuration
,
components
,
and
technology
</TEXT>
<DOCNO>226</DOCNO>
<TEXT>
U
</TEXT>
<DOCNO>227</DOCNO>
<TEXT>
S
</TEXT>
<DOCNO>228</DOCNO>
<TEXT>
star
wars
</TEXT>
<DOCNO>229</DOCNO>
<TEXT>
anti-missile
defense
system
</TEXT>
<DOCNO>230</DOCNO>
<TEXT>
Document
</TEXT>
<DOCNO>231</DOCNO>
<TEXT>
laser
research
</TEXT>
<DOCNO>232</DOCNO>
<TEXT>
U
</TEXT>
<DOCNO>233</DOCNO>
<TEXT>
S
</TEXT>
<DOCNO>234</DOCNO>
<TEXT>
Strategic
Defense
Initiative
</TEXT>
<DOCNO>235</DOCNO>
<TEXT>
Document
</TEXT>
<DOCNO>236</DOCNO>
<TEXT>
proposed
or
enacted
changes
</TEXT>
<DOCNO>237</DOCNO>
<TEXT>
U.S.
</TEXT>
<DOCNO>238</DOCNO>
<TEXT>
Document
</TEXT>
<DOCNO>239</DOCNO>
<TEXT>
provisions
</TEXT>
<DOCNO>240</DOCNO>
<TEXT>
U.S.
</TEXT>
<DOCNO>241</DOCNO>
<TEXT>
Document
</TEXT>
<DOCNO>242</DOCNO>
<TEXT>
reasons
</TEXT>
<DOCNO>243</DOCNO>
<TEXT>
U.S.
</TEXT>
<DOCNO>244</DOCNO>
<TEXT>
Document
</TEXT>
<DOCNO>245</DOCNO>
<TEXT>
changes
</TEXT>
<DOCNO>246</DOCNO>
<TEXT>
U.S.
</TEXT>
<DOCNO>247</DOCNO>
<TEXT>
Document
</TEXT>
<DOCNO>248</DOCNO>
<TEXT>
Japan
's
regulation
</TEXT>
<DOCNO>249</DOCNO>
<TEXT>
insider
trading
</TEXT>
<DOCNO>250</DOCNO>
<TEXT>
Document
</TEXT>
<DOCNO>251</DOCNO>
<TEXT>
Japanese
policies
or
practices
</TEXT>
<DOCNO>252</DOCNO>
<TEXT>
which
</TEXT>
<DOCNO>253</DOCNO>
<TEXT>
Japan
's
domestic
market
</TEXT>
<DOCNO>254</DOCNO>
<TEXT>
foreign
competition
</TEXT>
<DOCNO>255</DOCNO>
<TEXT>
Document
</TEXT>
<DOCNO>256</DOCNO>
<TEXT>
one
</TEXT>
<DOCNO>257</DOCNO>
<TEXT>
OTC
Ltd.
</TEXT>
<DOCNO>258</DOCNO>
<TEXT>
Tech
Enterprises
,
Minnesota
Mining
and
Manufacturing
,
Integrated
Solutions
Inc.
,
MIPS
Computer
Systems
Inc.
</TEXT>
<DOCNO>259</DOCNO>
<TEXT>
Computer
Systems
Inc.
</TEXT>
<DOCNO>260</DOCNO>
<TEXT>
Document
</TEXT>
<DOCNO>261</DOCNO>
<TEXT>
efforts
</TEXT>
<DOCNO>262</DOCNO>
<TEXT>
black
majority
</TEXT>
<DOCNO>263</DOCNO>
<TEXT>
South
Africa
</TEXT>
<DOCNO>264</DOCNO>
<TEXT>
domination
</TEXT>
<DOCNO>265</DOCNO>
<TEXT>
white
minority
government
</TEXT>
<DOCNO>266</DOCNO>
<TEXT>
Document
</TEXT>
<DOCNO>267</DOCNO>
<TEXT>
efforts
</TEXT>
<DOCNO>268</DOCNO>
<TEXT>
United
Nations
</TEXT>
<DOCNO>269</DOCNO>
<TEXT>
nations
</TEXT>
<DOCNO>270</DOCNO>
<TEXT>
nuclear
weapons
</TEXT>
<DOCNO>271</DOCNO>
<TEXT>
proliferation
</TEXT>
<DOCNO>272</DOCNO>
<TEXT>
nuclear
weapons
capabilities
</TEXT>
<DOCNO>273</DOCNO>
<TEXT>
non-nuclear
weapons
states
</TEXT>
<DOCNO>274</DOCNO>
<TEXT>
Document
</TEXT>
<DOCNO>275</DOCNO>
<TEXT>
financial
data
</TEXT>
<DOCNO>276</DOCNO>
<TEXT>
question
</TEXT>
<DOCNO>277</DOCNO>
<TEXT>
much
money
worldwide
is
</TEXT>
<DOCNO>278</DOCNO>
<TEXT>
biotechnology
arena
</TEXT>
<DOCNO>279</DOCNO>
<TEXT>
Document
</TEXT>
<DOCNO>280</DOCNO>
<TEXT>
non-traditional
applications
</TEXT>
<DOCNO>281</DOCNO>
<TEXT>
space
satellite
technology
</TEXT>
<DOCNO>282</DOCNO>
<TEXT>
Document
</TEXT>
<DOCNO>283</DOCNO>
<TEXT>
data
</TEXT>
<DOCNO>284</DOCNO>
<TEXT>
non-commercial
space
satellites
</TEXT>
<DOCNO>285</DOCNO>
<TEXT>
Document
</TEXT>
<DOCNO>286</DOCNO>
<TEXT>
specific
consequence
</TEXT>
<DOCNO>287</DOCNO>
<TEXT>
s
</TEXT>
<DOCNO>288</DOCNO>
<TEXT>
U
</TEXT>
<DOCNO>289</DOCNO>
<TEXT>
S
</TEXT>
<DOCNO>290</DOCNO>
<TEXT>
Immigration
Reform
and
Control
Act
</TEXT>
<DOCNO>291</DOCNO>
<TEXT>
1986
</TEXT>
<DOCNO>292</DOCNO>
<TEXT>
Document
</TEXT>
<DOCNO>293</DOCNO>
<TEXT>
generic
drug
</TEXT>
<DOCNO>294</DOCNO>
<TEXT>
which
</TEXT>
<DOCNO>295</DOCNO>
<TEXT>
brand
name
drug
</TEXT>
<DOCNO>296</DOCNO>
<TEXT>
treatment
</TEXT>
<DOCNO>297</DOCNO>
<TEXT>
least
one
medical
condition
</TEXT>
<DOCNO>298</DOCNO>
<TEXT>
Document
</TEXT>
<DOCNO>299</DOCNO>
<TEXT>
least
one
datum
</TEXT>
<DOCNO>300</DOCNO>
<TEXT>
which
</TEXT>
<DOCNO>301</DOCNO>
<TEXT>
description
,
quantification
,
and
evaluation
</TEXT>
<DOCNO>302</DOCNO>
<TEXT>
capacity
</TEXT>
<DOCNO>303</DOCNO>
<TEXT>
U.S.
</TEXT>
<DOCNO>304</DOCNO>
<TEXT>
Document
</TEXT>
<DOCNO>305</DOCNO>
<TEXT>
background
information
</TEXT>
<DOCNO>306</DOCNO>
<TEXT>
international
terrorist
groups
or
individuals
,
or
detail
</TEXT>
<DOCNO>307</DOCNO>
<TEXT>
activities
</TEXT>
<DOCNO>308</DOCNO>
<TEXT>
such
groups
or
individuals
</TEXT>
<DOCNO>309</DOCNO>
<TEXT>
Document
</TEXT>
<DOCNO>310</DOCNO>
<TEXT>
activities
</TEXT>
<DOCNO>311</DOCNO>
<TEXT>
political
authorities
</TEXT>
<DOCNO>312</DOCNO>
<TEXT>
international
terrorists
</TEXT>
<DOCNO>313</DOCNO>
<TEXT>
Document
</TEXT>
<DOCNO>314</DOCNO>
<TEXT>
private
sector
economic
consequences
</TEXT>
<DOCNO>315</DOCNO>
<TEXT>
international
terrorism
</TEXT>
<DOCNO>316</DOCNO>
<TEXT>
Document
</TEXT>
<DOCNO>317</DOCNO>
<TEXT>
life
and
death
</TEXT>
<DOCNO>318</DOCNO>
<TEXT>
prominent
U.S.
</TEXT>
<DOCNO>319</DOCNO>
<TEXT>
Document
</TEXT>
<DOCNO>320</DOCNO>
<TEXT>
research
,
development
,
testing
,
and
evaluation
</TEXT>
<DOCNO>321</DOCNO>
<TEXT>
RDT
&amp;
E
</TEXT>
<DOCNO>322</DOCNO>
<TEXT>
new
anti-cancer
drug
</TEXT>
<DOCNO>323</DOCNO>
<TEXT>
world
</TEXT>
<DOCNO>324</DOCNO>
<TEXT>
Document
</TEXT>
<DOCNO>325</DOCNO>
<TEXT>
studies
</TEXT>
<DOCNO>326</DOCNO>
<TEXT>
linkages
</TEXT>
<DOCNO>327</DOCNO>
<TEXT>
environmental
factors
or
chemicals
</TEXT>
<DOCNO>328</DOCNO>
<TEXT>
which
</TEXT>
<DOCNO>329</DOCNO>
<TEXT>
cancer
</TEXT>
<DOCNO>330</DOCNO>
<TEXT>
it
</TEXT>
<DOCNO>331</DOCNO>
<TEXT>
governmental
actions
</TEXT>
<DOCNO>332</DOCNO>
<TEXT>
,
control
,
or
limit
exposure
</TEXT>
<DOCNO>333</DOCNO>
<TEXT>
factors
or
chemicals
</TEXT>
<DOCNO>334</DOCNO>
<TEXT>
which
</TEXT>
<DOCNO>335</DOCNO>
<TEXT>
Document
</TEXT>
<DOCNO>336</DOCNO>
<TEXT>
innovative
approaches
</TEXT>
<DOCNO>337</DOCNO>
<TEXT>
cancer
</TEXT>
<DOCNO>338</DOCNO>
<TEXT>
Document
</TEXT>
<DOCNO>339</DOCNO>
<TEXT>
actions
</TEXT>
<DOCNO>340</DOCNO>
<TEXT>
public
authorities
</TEXT>
<DOCNO>341</DOCNO>
<TEXT>
human
use
</TEXT>
<DOCNO>342</DOCNO>
<TEXT>
tobacco
</TEXT>
<DOCNO>343</DOCNO>
<TEXT>
Document
</TEXT>
<DOCNO>344</DOCNO>
<TEXT>
ethical
issues
attendant
</TEXT>
<DOCNO>345</DOCNO>
<TEXT>
contemporary
advances
</TEXT>
<DOCNO>346</DOCNO>
<TEXT>
medical
technology
</TEXT>
<DOCNO>347</DOCNO>
<TEXT>
Document
</TEXT>
<DOCNO>348</DOCNO>
<TEXT>
terms
</TEXT>
<DOCNO>349</DOCNO>
<TEXT>
arms
</TEXT>
<DOCNO>350</DOCNO>
<TEXT>
agreements
</TEXT>
<DOCNO>351</DOCNO>
<TEXT>
negotiation
</TEXT>
<DOCNO>352</DOCNO>
<TEXT>
United
States
</TEXT>
<DOCNO>353</DOCNO>
<TEXT>
Soviet
Union
</TEXT>
<DOCNO>354</DOCNO>
<TEXT>
Document
</TEXT>
<DOCNO>355</DOCNO>
<TEXT>
current
or
future
sale
</TEXT>
<DOCNO>356</DOCNO>
<TEXT>
private
sector
</TEXT>
<DOCNO>357</DOCNO>
<TEXT>
government
or
government
entity
</TEXT>
<DOCNO>358</DOCNO>
<TEXT>
business
,
businesses
,
or
shares
</TEXT>
<DOCNO>359</DOCNO>
<TEXT>
business
</TEXT>
<DOCNO>360</DOCNO>
<TEXT>
state
</TEXT>
<DOCNO>361</DOCNO>
<TEXT>
Document
</TEXT>
<DOCNO>362</DOCNO>
<TEXT>
USSR
</TEXT>
<DOCNO>363</DOCNO>
<TEXT>
U.S.
</TEXT>
<DOCNO>364</DOCNO>
<TEXT>
Document
</TEXT>
<DOCNO>365</DOCNO>
<TEXT>
issue
</TEXT>
<DOCNO>366</DOCNO>
<TEXT>
Jewish
emigration
</TEXT>
<DOCNO>367</DOCNO>
<TEXT>
Soviet
Union
</TEXT>
<DOCNO>368</DOCNO>
<TEXT>
it
</TEXT>
<DOCNO>369</DOCNO>
<TEXT>
U
</TEXT>
<DOCNO>370</DOCNO>
<TEXT>
S
</TEXT>
<DOCNO>371</DOCNO>
<TEXT>
-Soviet
relations
</TEXT>
<DOCNO>372</DOCNO>
<TEXT>
Document
</TEXT>
<DOCNO>373</DOCNO>
<TEXT>
contract
</TEXT>
<DOCNO>374</DOCNO>
<TEXT>
McDonnell
Douglas
</TEXT>
<DOCNO>375</DOCNO>
<TEXT>
production
</TEXT>
<DOCNO>376</DOCNO>
<TEXT>
military
aircraft
</TEXT>
<DOCNO>377</DOCNO>
<TEXT>
Document
</TEXT>
<DOCNO>378</DOCNO>
<TEXT>
cost
</TEXT>
<DOCNO>379</DOCNO>
<TEXT>
or
performance
data
</TEXT>
<DOCNO>380</DOCNO>
<TEXT>
U.S.
</TEXT>
<DOCNO>381</DOCNO>
<TEXT>
Document
</TEXT>
<DOCNO>382</DOCNO>
<TEXT>
design
feature
</TEXT>
<DOCNO>383</DOCNO>
<TEXT>
Hubble
Space
Telescope
</TEXT>
<DOCNO>384</DOCNO>
<TEXT>
Document
</TEXT>
<DOCNO>385</DOCNO>
<TEXT>
objectives
,
processes
,
and
organization
</TEXT>
<DOCNO>386</DOCNO>
<TEXT>
human
genome
project
</TEXT>
<DOCNO>387</DOCNO>
<TEXT>
Document
</TEXT>
<DOCNO>388</DOCNO>
<TEXT>
efforts
</TEXT>
<DOCNO>389</DOCNO>
<TEXT>
genes
</TEXT>
<DOCNO>390</DOCNO>
<TEXT>
human
diseases
</TEXT>
<DOCNO>391</DOCNO>
<TEXT>
or
report
</TEXT>
<DOCNO>392</DOCNO>
<TEXT>
potential
medical
contributions
such
information
</TEXT>
<DOCNO>393</DOCNO>
<TEXT>
Document
</TEXT>
<DOCNO>394</DOCNO>
<TEXT>
attempts
</TEXT>
<DOCNO>395</DOCNO>
<TEXT>
Pacific
Telesis
</TEXT>
<DOCNO>396</DOCNO>
<TEXT>
its
basic
business
</TEXT>
<DOCNO>397</DOCNO>
<TEXT>
local
telephone
service
</TEXT>
<DOCNO>398</DOCNO>
<TEXT>
Document
</TEXT>
<DOCNO>399</DOCNO>
<TEXT>
building
</TEXT>
<DOCNO>400</DOCNO>
<TEXT>
expansion
</TEXT>
<DOCNO>401</DOCNO>
<TEXT>
theme
park
</TEXT>
<DOCNO>402</DOCNO>
<TEXT>
U.S.
</TEXT>
<DOCNO>403</DOCNO>
<TEXT>
Document
</TEXT>
<DOCNO>404</DOCNO>
<TEXT>
data
</TEXT>
<DOCNO>405</DOCNO>
<TEXT>
Iran
</TEXT>
<DOCNO>406</DOCNO>
<TEXT>
groups
</TEXT>
<DOCNO>407</DOCNO>
<TEXT>
Lebanon
</TEXT>
<DOCNO>408</DOCNO>
<TEXT>
which
</TEXT>
<DOCNO>409</DOCNO>
<TEXT>
Western
hostages
</TEXT>
<DOCNO>410</DOCNO>
<TEXT>
Document
</TEXT>
<DOCNO>411</DOCNO>
<TEXT>
religious
,
legal
,
cultural
,
and
social
consequences
</TEXT>
<DOCNO>412</DOCNO>
<TEXT>
Iran
's
Islamic
Revolution
</TEXT>
<DOCNO>413</DOCNO>
<TEXT>
Iran
</TEXT>
<DOCNO>414</DOCNO>
<TEXT>
Document
</TEXT>
<DOCNO>415</DOCNO>
<TEXT>
political
impact
</TEXT>
<DOCNO>416</DOCNO>
<TEXT>
Islamic
fundamentalism
</TEXT>
<DOCNO>417</DOCNO>
<TEXT>
nation
</TEXT>
<DOCNO>418</DOCNO>
<TEXT>
Iran
</TEXT>
<DOCNO>419</DOCNO>
<TEXT>
Document
</TEXT>
<DOCNO>420</DOCNO>
<TEXT>
Japanese
efforts
</TEXT>
<DOCNO>421</DOCNO>
<TEXT>
U.S.
</TEXT>
<DOCNO>422</DOCNO>
<TEXT>
Document
</TEXT>
<DOCNO>423</DOCNO>
<TEXT>
national
governments
</TEXT>
<DOCNO>424</DOCNO>
<TEXT>
their
own
growers
</TEXT>
<DOCNO>425</DOCNO>
<TEXT>
grain
</TEXT>
<DOCNO>426</DOCNO>
<TEXT>
policies
impact
</TEXT>
<DOCNO>427</DOCNO>
<TEXT>
nation
's
foreign
trade
and
diplomatic
relations
</TEXT>
<DOCNO>428</DOCNO>
<TEXT>
Document
</TEXT>
<DOCNO>429</DOCNO>
<TEXT>
analysis
</TEXT>
<DOCNO>430</DOCNO>
<TEXT>
what
</TEXT>
<DOCNO>431</DOCNO>
<TEXT>
U.S.
</TEXT>
<DOCNO>432</DOCNO>
<TEXT>
Document
</TEXT>
<DOCNO>433</DOCNO>
<TEXT>
corruption
,
incompetence
,
or
inefficiency
</TEXT>
<DOCNO>434</DOCNO>
<TEXT>
management
</TEXT>
<DOCNO>435</DOCNO>
<TEXT>
United
Nation
's
staff
,
activities
,
or
specialized
agencies
</TEXT>
<DOCNO>436</DOCNO>
<TEXT>
Document
</TEXT>
<DOCNO>437</DOCNO>
<TEXT>
pro-Israel
lobby
</TEXT>
<DOCNO>438</DOCNO>
<TEXT>
United
States
</TEXT>
<DOCNO>439</DOCNO>
<TEXT>
Document
</TEXT>
<DOCNO>440</DOCNO>
<TEXT>
negotiating
process
</TEXT>
<DOCNO>441</DOCNO>
<TEXT>
end
</TEXT>
<DOCNO>442</DOCNO>
<TEXT>
Nicaraguan
civil
war
</TEXT>
<DOCNO>443</DOCNO>
<TEXT>
Document
</TEXT>
<DOCNO>444</DOCNO>
<TEXT>
productivity
statistics
</TEXT>
<DOCNO>445</DOCNO>
<TEXT>
U.S.
</TEXT>
<DOCNO>446</DOCNO>
<TEXT>
Document
</TEXT>
<DOCNO>447</DOCNO>
<TEXT>
Ethiopia-Somalia
War
,
civil
wars
</TEXT>
<DOCNO>448</DOCNO>
<TEXT>
nations
</TEXT>
<DOCNO>449</DOCNO>
<TEXT>
movement
</TEXT>
<DOCNO>450</DOCNO>
<TEXT>
refugees
</TEXT>
<DOCNO>451</DOCNO>
<TEXT>
conflicts
</TEXT>
<DOCNO>452</DOCNO>
<TEXT>
Ethiopia
and
Somalia
</TEXT>
<DOCNO>453</DOCNO>
<TEXT>
Document
</TEXT>
<DOCNO>454</DOCNO>
<TEXT>
industrial
espionage
</TEXT>
<DOCNO>455</DOCNO>
<TEXT>
Document
</TEXT>
<DOCNO>456</DOCNO>
<TEXT>
U.S.
</TEXT>
<DOCNO>457</DOCNO>
<TEXT>
document
</TEXT>
<DOCNO>458</DOCNO>
<TEXT>
information
</TEXT>
<DOCNO>459</DOCNO>
<TEXT>
jail
and
prison
overcrowding
</TEXT>
<DOCNO>460</DOCNO>
<TEXT>
inmates
</TEXT>
<DOCNO>461</DOCNO>
<TEXT>
conditions
</TEXT>
<DOCNO>462</DOCNO>
<TEXT>
it
</TEXT>
<DOCNO>463</DOCNO>
<TEXT>
plans
</TEXT>
<DOCNO>464</DOCNO>
<TEXT>
overcrowded
condition
</TEXT>
<DOCNO>465</DOCNO>
<TEXT>
Document
</TEXT>
<DOCNO>466</DOCNO>
<TEXT>
alleged
illegality
</TEXT>
<DOCNO>467</DOCNO>
<TEXT>
entity
</TEXT>
<DOCNO>468</DOCNO>
<TEXT>
contract
</TEXT>
<DOCNO>469</DOCNO>
<TEXT>
behalf
</TEXT>
<DOCNO>470</DOCNO>
<TEXT>
U.S.
</TEXT>
<DOCNO>471</DOCNO>
<TEXT>
Document
</TEXT>
<DOCNO>472</DOCNO>
<TEXT>
insurance
coverage
</TEXT>
<DOCNO>473</DOCNO>
<TEXT>
long
term
care
confinements
</TEXT>
<DOCNO>474</DOCNO>
<TEXT>
Document
</TEXT>
<DOCNO>475</DOCNO>
<TEXT>
major
oil
spills
</TEXT>
<DOCNO>476</DOCNO>
<TEXT>
world
</TEXT>
<DOCNO>477</DOCNO>
<TEXT>
Document
</TEXT>
<DOCNO>478</DOCNO>
<TEXT>
implications
</TEXT>
<DOCNO>479</DOCNO>
<TEXT>
decision
</TEXT>
<DOCNO>480</DOCNO>
<TEXT>
Wing
Christian
Fundamentalist
Groups
</TEXT>
<DOCNO>481</DOCNO>
<TEXT>
political
process
</TEXT>
<DOCNO>482</DOCNO>
<TEXT>
their
goals
</TEXT>
<DOCNO>483</DOCNO>
<TEXT>
Documents
</TEXT>
<DOCNO>484</DOCNO>
<TEXT>
efforts
</TEXT>
<DOCNO>485</DOCNO>
<TEXT>
Gun
Control
Legislation
</TEXT>
<DOCNO>486</DOCNO>
<TEXT>
Documents
</TEXT>
<DOCNO>487</DOCNO>
<TEXT>
studies
</TEXT>
<DOCNO>488</DOCNO>
<TEXT>
causes
</TEXT>
<DOCNO>489</DOCNO>
<TEXT>
multiple
sclerosis
</TEXT>
<DOCNO>490</DOCNO>
<TEXT>
research
efforts
</TEXT>
<DOCNO>491</DOCNO>
<TEXT>
treatments
</TEXT>
<DOCNO>492</DOCNO>
<TEXT>
or
cures
</TEXT>
<DOCNO>493</DOCNO>
<TEXT>
it
</TEXT>
<DOCNO>494</DOCNO>
<TEXT>
Documents
</TEXT>
<DOCNO>495</DOCNO>
<TEXT>
issues
</TEXT>
<DOCNO>496</DOCNO>
<TEXT>
controversial
proposals
</TEXT>
<DOCNO>497</DOCNO>
<TEXT>
limits
</TEXT>
<DOCNO>498</DOCNO>
<TEXT>
number
</TEXT>
<DOCNO>499</DOCNO>
<TEXT>
terms
members
</TEXT>
<DOCNO>500</DOCNO>
<TEXT>
Congress
</TEXT>
<DOCNO>501</DOCNO>
<TEXT>
relevant
document
</TEXT>
<DOCNO>502</DOCNO>
<TEXT>
information
</TEXT>
<DOCNO>503</DOCNO>
<TEXT>
work
</TEXT>
<DOCNO>504</DOCNO>
<TEXT>
electric
car
</TEXT>
<DOCNO>505</DOCNO>
<TEXT>
Document
</TEXT>
<DOCNO>506</DOCNO>
<TEXT>
vitamins
</TEXT>
<DOCNO>507</DOCNO>
<TEXT>
that
</TEXT>
<DOCNO>508</DOCNO>
<TEXT>
cure
</TEXT>
<DOCNO>509</DOCNO>
<TEXT>
human
diseases
or
ailments
or
documents
</TEXT>
<DOCNO>510</DOCNO>
<TEXT>
vitamins
</TEXT>
<DOCNO>511</DOCNO>
<TEXT>
that
</TEXT>
<DOCNO>512</DOCNO>
<TEXT>
health
problems
</TEXT>
<DOCNO>513</DOCNO>
<TEXT>
humans
</TEXT>
<DOCNO>514</DOCNO>
<TEXT>
Document
</TEXT>
<DOCNO>515</DOCNO>
<TEXT>
information
</TEXT>
<DOCNO>516</DOCNO>
<TEXT>
problems
and
actions
</TEXT>
<DOCNO>517</DOCNO>
<TEXT>
what
</TEXT>
<DOCNO>518</DOCNO>
<TEXT>
acid
rain
</TEXT>
<DOCNO>519</DOCNO>
<TEXT>
Document
</TEXT>
<DOCNO>520</DOCNO>
<TEXT>
data
</TEXT>
<DOCNO>521</DOCNO>
<TEXT>
that
</TEXT>
<DOCNO>522</DOCNO>
<TEXT>
type
and
purpose
</TEXT>
<DOCNO>523</DOCNO>
<TEXT>
vehicles
</TEXT>
<DOCNO>524</DOCNO>
<TEXT>
American
or
Foreign
automobile
companies
</TEXT>
<DOCNO>525</DOCNO>
<TEXT>
South
Vietnam
</TEXT>
<DOCNO>526</DOCNO>
<TEXT>
number
</TEXT>
<DOCNO>527</DOCNO>
<TEXT>
U.S.
</TEXT>
<DOCNO>528</DOCNO>
<TEXT>
Document
</TEXT>
<DOCNO>529</DOCNO>
<TEXT>
FDA
or
Congressional
investigations
</TEXT>
<DOCNO>530</DOCNO>
<TEXT>
illegal
activities
</TEXT>
<DOCNO>531</DOCNO>
<TEXT>
generic
drug
manufacturers
</TEXT>
<DOCNO>532</DOCNO>
<TEXT>
document
</TEXT>
<DOCNO>533</DOCNO>
<TEXT>
information
</TEXT>
<DOCNO>534</DOCNO>
<TEXT>
what
</TEXT>
<DOCNO>535</DOCNO>
<TEXT>
opinion
</TEXT>
<DOCNO>536</DOCNO>
<TEXT>
tobacco
industry
</TEXT>
<DOCNO>537</DOCNO>
<TEXT>
its
advertising
</TEXT>
<DOCNO>538</DOCNO>
<TEXT>
document
</TEXT>
<DOCNO>539</DOCNO>
<TEXT>
information
</TEXT>
<DOCNO>540</DOCNO>
<TEXT>
charges
</TEXT>
<DOCNO>541</DOCNO>
<TEXT>
standardized
testing
</TEXT>
<DOCNO>542</DOCNO>
<TEXT>
applicants
</TEXT>
<DOCNO>543</DOCNO>
<TEXT>
college
level
</TEXT>
<DOCNO>544</DOCNO>
<TEXT>
racial
minorities
,
women
</TEXT>
<DOCNO>545</DOCNO>
<TEXT>
relevant
document
</TEXT>
<DOCNO>546</DOCNO>
<TEXT>
efforts
</TEXT>
<DOCNO>547</DOCNO>
<TEXT>
USA
</TEXT>
<DOCNO>548</DOCNO>
<TEXT>
way
</TEXT>
<DOCNO>549</DOCNO>
<TEXT>
portrayal
</TEXT>
<DOCNO>550</DOCNO>
<TEXT>
violence
and
sex
scenes
</TEXT>
<DOCNO>551</DOCNO>
<TEXT>
movies
</TEXT>
<DOCNO>552</DOCNO>
<TEXT>
television
or
videos
</TEXT>
<DOCNO>553</DOCNO>
<TEXT>
document
</TEXT>
<DOCNO>554</DOCNO>
<TEXT>
role
</TEXT>
<DOCNO>555</DOCNO>
<TEXT>
Federal
Government
</TEXT>
<DOCNO>556</DOCNO>
<TEXT>
operation
</TEXT>
<DOCNO>557</DOCNO>
<TEXT>
National
Railroad
Transportation
Corporation
</TEXT>
<DOCNO>558</DOCNO>
<TEXT>
AMTRAK
</TEXT>
<DOCNO>559</DOCNO>
<TEXT>
Document
</TEXT>
<DOCNO>560</DOCNO>
<TEXT>
problems
</TEXT>
<DOCNO>561</DOCNO>
<TEXT>
garbage
or
trash
removal
</TEXT>
<DOCNO>562</DOCNO>
<TEXT>
cost
figure
</TEXT>
<DOCNO>563</DOCNO>
<TEXT>
household
or
government
entity
</TEXT>
<DOCNO>564</DOCNO>
<TEXT>
local
,
state
</TEXT>
<DOCNO>565</DOCNO>
<TEXT>
Document
</TEXT>
<DOCNO>566</DOCNO>
<TEXT>
use
</TEXT>
<DOCNO>567</DOCNO>
<TEXT>
silicone
gel
breast
</TEXT>
<DOCNO>568</DOCNO>
<TEXT>
Dow-Corning
Corporation
</TEXT>
<DOCNO>569</DOCNO>
<TEXT>
s
</TEXT>
<DOCNO>570</DOCNO>
<TEXT>
future
medical
problems
</TEXT>
<DOCNO>571</DOCNO>
<TEXT>
that
</TEXT>
<DOCNO>572</DOCNO>
<TEXT>
result
</TEXT>
<DOCNO>573</DOCNO>
<TEXT>
manufacturing
defects
or
lack
</TEXT>
<DOCNO>574</DOCNO>
<TEXT>
proper
testing
</TEXT>
<DOCNO>575</DOCNO>
<TEXT>
approval
</TEXT>
<DOCNO>576</DOCNO>
<TEXT>
general
public
use
</TEXT>
<DOCNO>577</DOCNO>
<TEXT>
Document
</TEXT>
<DOCNO>578</DOCNO>
<TEXT>
role
</TEXT>
<DOCNO>579</DOCNO>
<TEXT>
mutual
funds
</TEXT>
<DOCNO>580</DOCNO>
<TEXT>
investment
alternative
</TEXT>
<DOCNO>581</DOCNO>
<TEXT>
individual
's
retirement
program
</TEXT>
<DOCNO>582</DOCNO>
<TEXT>
Document
</TEXT>
<DOCNO>583</DOCNO>
<TEXT>
effectiveness
</TEXT>
<DOCNO>584</DOCNO>
<TEXT>
use
</TEXT>
<DOCNO>585</DOCNO>
<TEXT>
medical
products
</TEXT>
<DOCNO>586</DOCNO>
<TEXT>
psychiatric
services
</TEXT>
<DOCNO>587</DOCNO>
<TEXT>
cessation
</TEXT>
<DOCNO>588</DOCNO>
<TEXT>
smoking
</TEXT>
<DOCNO>589</DOCNO>
<TEXT>
Document
</TEXT>
<DOCNO>590</DOCNO>
<TEXT>
data
</TEXT>
<DOCNO>591</DOCNO>
<TEXT>
smoking
bans
</TEXT>
<DOCNO>592</DOCNO>
<TEXT>
public
and
private
sector
workplace
</TEXT>
<DOCNO>593</DOCNO>
<TEXT>
various
modes
</TEXT>
<DOCNO>594</DOCNO>
<TEXT>
public
transportation
</TEXT>
<DOCNO>595</DOCNO>
<TEXT>
commercial
advertising
</TEXT>
<DOCNO>596</DOCNO>
<TEXT>
Document
</TEXT>
<DOCNO>597</DOCNO>
<TEXT>
data
</TEXT>
<DOCNO>598</DOCNO>
<TEXT>
Comprehensive
Environmental
Response
,
Compensation
,
and
Liability
Act
</TEXT>
<DOCNO>599</DOCNO>
<TEXT>
Superfund
Hazardous
Waste
Cleanup
Program
</TEXT>
<DOCNO>600</DOCNO>
<TEXT>
Document
</TEXT>
<DOCNO>601</DOCNO>
<TEXT>
occasions
</TEXT>
<DOCNO>602</DOCNO>
<TEXT>
which
</TEXT>
<DOCNO>603</DOCNO>
<TEXT>
NRA
</TEXT>
<DOCNO>604</DOCNO>
<TEXT>
actions
</TEXT>
<DOCNO>605</DOCNO>
<TEXT>
which
</TEXT>
<DOCNO>606</DOCNO>
<TEXT>
passage
</TEXT>
<DOCNO>607</DOCNO>
<TEXT>
legislation
</TEXT>
<DOCNO>608</DOCNO>
<TEXT>
proliferation
</TEXT>
<DOCNO>609</DOCNO>
<TEXT>
guns
</TEXT>
<DOCNO>610</DOCNO>
<TEXT>
Document
</TEXT>
<DOCNO>611</DOCNO>
<TEXT>
private
investigator
</TEXT>
<DOCNO>612</DOCNO>
<TEXT>
work
</TEXT>
<DOCNO>613</DOCNO>
<TEXT>
private
investigator
</TEXT>
<DOCNO>614</DOCNO>
<TEXT>
Document
</TEXT>
<DOCNO>615</DOCNO>
<TEXT>
arguments
</TEXT>
<DOCNO>616</DOCNO>
<TEXT>
English
</TEXT>
<DOCNO>617</DOCNO>
<TEXT>
standard
language
</TEXT>
<DOCNO>618</DOCNO>
<TEXT>
U.S.
</TEXT>
<DOCNO>619</DOCNO>
<TEXT>
Document
</TEXT>
<DOCNO>620</DOCNO>
<TEXT>
attacks
</TEXT>
<DOCNO>621</DOCNO>
<TEXT>
dogs
</TEXT>
<DOCNO>622</DOCNO>
<TEXT>
humans
</TEXT>
<DOCNO>623</DOCNO>
<TEXT>
U.S.
</TEXT>
<DOCNO>624</DOCNO>
<TEXT>
Document
</TEXT>
<DOCNO>625</DOCNO>
<TEXT>
countries
</TEXT>
<DOCNO>626</DOCNO>
<TEXT>
U.S.
</TEXT>
<DOCNO>627</DOCNO>
<TEXT>
Document
</TEXT>
<DOCNO>628</DOCNO>
<TEXT>
ineffective
results
</TEXT>
<DOCNO>629</DOCNO>
<TEXT>
embargo
</TEXT>
<DOCNO>630</DOCNO>
<TEXT>
sanction
activities
</TEXT>
<DOCNO>631</DOCNO>
<TEXT>
foreign
nation
</TEXT>
<DOCNO>632</DOCNO>
<TEXT>
U.S.
</TEXT>
<DOCNO>633</DOCNO>
<TEXT>
Document
</TEXT>
<DOCNO>634</DOCNO>
<TEXT>
reports
</TEXT>
<DOCNO>635</DOCNO>
<TEXT>
elderly
patients
</TEXT>
<DOCNO>636</DOCNO>
<TEXT>
nursing
homes
and
other
facilities
</TEXT>
<DOCNO>637</DOCNO>
<TEXT>
skilled
medical
and
nonmedical
personnel
and
family
members
</TEXT>
<DOCNO>638</DOCNO>
<TEXT>
Document
</TEXT>
<DOCNO>639</DOCNO>
<TEXT>
information
</TEXT>
<DOCNO>640</DOCNO>
<TEXT>
world
's
food
fish
population
</TEXT>
<DOCNO>641</DOCNO>
<TEXT>
commercial
overfishing
</TEXT>
<DOCNO>642</DOCNO>
<TEXT>
information
</TEXT>
<DOCNO>643</DOCNO>
<TEXT>
need
</TEXT>
<DOCNO>644</DOCNO>
<TEXT>
counteractive
measures
</TEXT>
<DOCNO>645</DOCNO>
<TEXT>
Document
</TEXT>
<DOCNO>646</DOCNO>
<TEXT>
asbestos
</TEXT>
<DOCNO>647</DOCNO>
<TEXT>
lawsuits
</TEXT>
<DOCNO>648</DOCNO>
<TEXT>
asbestosis
</TEXT>
<DOCNO>649</DOCNO>
<TEXT>
chronic
disease
</TEXT>
<DOCNO>650</DOCNO>
<TEXT>
lungs
or
mesothelioma
</TEXT>
<DOCNO>651</DOCNO>
<TEXT>
incurable
cancer
</TEXT>
<DOCNO>652</DOCNO>
<TEXT>
chest
and
abdominal
membranes
</TEXT>
<DOCNO>653</DOCNO>
<TEXT>
Document
</TEXT>
<DOCNO>654</DOCNO>
<TEXT>
problems
</TEXT>
<DOCNO>655</DOCNO>
<TEXT>
pension
plans
</TEXT>
<DOCNO>656</DOCNO>
<TEXT>
funds
</TEXT>
<DOCNO>657</DOCNO>
<TEXT>
fraud
</TEXT>
<DOCNO>658</DOCNO>
<TEXT>
Document
</TEXT>
<DOCNO>659</DOCNO>
<TEXT>
reform
</TEXT>
<DOCNO>660</DOCNO>
<TEXT>
welfare
system
</TEXT>
<DOCNO>661</DOCNO>
<TEXT>
U.S.
</TEXT>
<DOCNO>662</DOCNO>
<TEXT>
Document
</TEXT>
<DOCNO>663</DOCNO>
<TEXT>
difference
</TEXT>
<DOCNO>664</DOCNO>
<TEXT>
educational
learning
levels
</TEXT>
<DOCNO>665</DOCNO>
<TEXT>
inner
city
and
other
public
school
students
</TEXT>
<DOCNO>666</DOCNO>
<TEXT>
Document
</TEXT>
<DOCNO>667</DOCNO>
<TEXT>
instances
</TEXT>
<DOCNO>668</DOCNO>
<TEXT>
loss
</TEXT>
<DOCNO>669</DOCNO>
<TEXT>
independence
</TEXT>
<DOCNO>670</DOCNO>
<TEXT>
publishers
</TEXT>
<DOCNO>671</DOCNO>
<TEXT>
sale
or
merger
</TEXT>
<DOCNO>672</DOCNO>
<TEXT>
their
business
or
publication
</TEXT>
<DOCNO>673</DOCNO>
<TEXT>
sale
</TEXT>
<DOCNO>674</DOCNO>
<TEXT>
significant
interest
</TEXT>
<DOCNO>675</DOCNO>
<TEXT>
it
</TEXT>
<DOCNO>676</DOCNO>
<TEXT>
person
or
company
</TEXT>
<DOCNO>677</DOCNO>
<TEXT>
Document
</TEXT>
<DOCNO>678</DOCNO>
<TEXT>
instances
</TEXT>
<DOCNO>679</DOCNO>
<TEXT>
beach
erosion
</TEXT>
<DOCNO>680</DOCNO>
<TEXT>
U.S.
</TEXT>
<DOCNO>681</DOCNO>
<TEXT>
Document
</TEXT>
<DOCNO>682</DOCNO>
<TEXT>
murderer
's
motive
</TEXT>
<DOCNO>683</DOCNO>
<TEXT>
person
or
persons
</TEXT>
<DOCNO>684</DOCNO>
<TEXT>
true
case
</TEXT>
<DOCNO>685</DOCNO>
<TEXT>
Document
</TEXT>
<DOCNO>686</DOCNO>
<TEXT>
instances
</TEXT>
<DOCNO>687</DOCNO>
<TEXT>
fraud
</TEXT>
<DOCNO>688</DOCNO>
<TEXT>
world
</TEXT>
<DOCNO>689</DOCNO>
<TEXT>
use
</TEXT>
<DOCNO>690</DOCNO>
<TEXT>
electronic
computer
</TEXT>
<DOCNO>691</DOCNO>
<TEXT>
Documents
</TEXT>
<DOCNO>692</DOCNO>
<TEXT>
attempt
or
idea
</TEXT>
<DOCNO>693</DOCNO>
<TEXT>
U.S.
</TEXT>
<DOCNO>694</DOCNO>
<TEXT>
chemical
</TEXT>
<DOCNO>695</DOCNO>
<TEXT>
cleaning
</TEXT>
<DOCNO>696</DOCNO>
<TEXT>
oil
spills
</TEXT>
<DOCNO>697</DOCNO>
<TEXT>
Exxon
Valdez
</TEXT>
<DOCNO>698</DOCNO>
<TEXT>
children
</TEXT>
<DOCNO>699</DOCNO>
<TEXT>
activities
</TEXT>
<DOCNO>700</DOCNO>
<TEXT>
consumer
safety
groups
and
parents
</TEXT>
<DOCNO>701</DOCNO>
<TEXT>
production
</TEXT>
<DOCNO>702</DOCNO>
<TEXT>
dangerous
toys
</TEXT>
<DOCNO>703</DOCNO>
<TEXT>
Document
</TEXT>
<DOCNO>704</DOCNO>
<TEXT>
amount
</TEXT>
<DOCNO>705</DOCNO>
<TEXT>
money
</TEXT>
<DOCNO>706</DOCNO>
<TEXT>
writers
</TEXT>
<DOCNO>707</DOCNO>
<TEXT>
result
</TEXT>
<DOCNO>708</DOCNO>
<TEXT>
their
writing
efforts
</TEXT>
<DOCNO>709</DOCNO>
<TEXT>
negative
instances
</TEXT>
<DOCNO>710</DOCNO>
<TEXT>
stock
market
shifts
</TEXT>
<DOCNO>711</DOCNO>
<TEXT>
computer
</TEXT>
<DOCNO>712</DOCNO>
<TEXT>
trading
initiatives
</TEXT>
<DOCNO>713</DOCNO>
<TEXT>
proposed
or
actual
government
financed
voucher
system
</TEXT>
<DOCNO>714</DOCNO>
<TEXT>
elementary
and
secondary
students
</TEXT>
<DOCNO>715</DOCNO>
<TEXT>
them
</TEXT>
<DOCNO>716</DOCNO>
<TEXT>
school
</TEXT>
<DOCNO>717</DOCNO>
<TEXT>
their
choice
</TEXT>
<DOCNO>718</DOCNO>
<TEXT>
reform
</TEXT>
<DOCNO>719</DOCNO>
<TEXT>
which
</TEXT>
<DOCNO>720</DOCNO>
<TEXT>
injured
party
</TEXT>
<DOCNO>721</DOCNO>
<TEXT>
judgement
</TEXT>
<DOCNO>722</DOCNO>
<TEXT>
regard
</TEXT>
<DOCNO>723</DOCNO>
<TEXT>
limitations
</TEXT>
<DOCNO>724</DOCNO>
<TEXT>
monetary
compensation
</TEXT>
<DOCNO>725</DOCNO>
<TEXT>
plaintiffs
</TEXT>
<DOCNO>726</DOCNO>
<TEXT>
medical
science
</TEXT>
<DOCNO>727</DOCNO>
<TEXT>
which
</TEXT>
<DOCNO>728</DOCNO>
<TEXT>
researchers
</TEXT>
<DOCNO>729</DOCNO>
<TEXT>
genes
</TEXT>
<DOCNO>730</DOCNO>
<TEXT>
cure
</TEXT>
<DOCNO>731</DOCNO>
<TEXT>
person
</TEXT>
<DOCNO>732</DOCNO>
<TEXT>
s
</TEXT>
<DOCNO>733</DOCNO>
<TEXT>
medical
condition
or
illness
</TEXT>
<DOCNO>734</DOCNO>
<TEXT>
assistance
</TEXT>
<DOCNO>735</DOCNO>
<TEXT>
competent
person
</TEXT>
<DOCNO>736</DOCNO>
<TEXT>
doctor
,
nurse
,
medical
technician
</TEXT>
<DOCNO>737</DOCNO>
<TEXT>
legality
</TEXT>
<DOCNO>738</DOCNO>
<TEXT>
assisted
action
</TEXT>
<DOCNO>739</DOCNO>
<TEXT>
foreign
textiles
or
textile
products
</TEXT>
<DOCNO>740</DOCNO>
<TEXT>
U.S.
</TEXT>
</DOC>