<topics>
    <query identifier="101">
        <title>Design of the "Star Wars" Anti-missile Defense System</title>
        <desc>Document will provide information on the proposed configuration, components,  and technology of the U.S.'s "star wars" anti-missile defense system.</desc>
        <NounePhrase weight="0">Document</NounePhrase>
        <NounePhrase weight="0">information</NounePhrase>
        <NounePhrase weight="0">configuration , components , and technology</NounePhrase>
        <NounePhrase weight="0">U</NounePhrase>
        <NounePhrase weight="0">S</NounePhrase>
        <NounePhrase weight="0">star wars</NounePhrase>
        <NounePhrase weight="0">anti-missile defense system</NounePhrase>
    </query>
    <query identifier="102">
        <title>Laser Research Applicable to the U.S.'s Strategic Defense</title>
        <desc>Document will report on laser research related, or potentially related, to  the U.S.'s Strategic Defense Initiative.</desc>
        <NounePhrase weight="0">Document</NounePhrase>
        <NounePhrase weight="0">laser research</NounePhrase>
        <NounePhrase weight="0">U</NounePhrase>
        <NounePhrase weight="0">S</NounePhrase>
        <NounePhrase weight="0">Strategic Defense Initiative</NounePhrase>
    </query>
    <query identifier="103">
        <title>Welfare Reform</title>
        <desc>Document will report those proposed or enacted changes to U.S. federal,  state, or local welfare laws and regulations which are propounded as reforms.</desc>
        <NounePhrase weight="0">Document</NounePhrase>
        <NounePhrase weight="0">proposed or enacted changes</NounePhrase>
        <NounePhrase weight="0">U.S.</NounePhrase>
    </query>
    <query identifier="104">
        <title>Catastrophic Health Insurance</title>
        <desc>Document will enumerate provisions of the U.S. Catastrophic Health Insurance  Act of l988, or the political/legal fallout from that legislation.</desc>
        <NounePhrase weight="0">Document</NounePhrase>
        <NounePhrase weight="0">provisions</NounePhrase>
        <NounePhrase weight="0">U.S.</NounePhrase>
    </query>
    <query identifier="105">
        <title>"Black Monday"</title>
        <desc>Document will state reasons why U.S. stock markets crashed on 19 October 1987 ("Black Monday"), or report on attempts to guard against another such crash.</desc>
        <NounePhrase weight="0">Document</NounePhrase>
        <NounePhrase weight="0">reasons</NounePhrase>
        <NounePhrase weight="0">U.S.</NounePhrase>
    </query>
    <query identifier="106">
        <title>U.S. Control of Insider Trading</title>
        <desc>Document will report proposed or enacted changes to U.S. laws and  regulations designed to prevent insider trading.</desc>
        <NounePhrase weight="0">Document</NounePhrase>
        <NounePhrase weight="0">changes</NounePhrase>
        <NounePhrase weight="0">U.S.</NounePhrase>
    </query>
    <query identifier="107">
        <title>Japanese Regulation of Insider Trading</title>
        <desc>Document will inform on Japan's regulation of insider trading.</desc>
        <NounePhrase weight="0">Document</NounePhrase>
        <NounePhrase weight="0">Japan 's regulation</NounePhrase>
        <NounePhrase weight="0">insider trading</NounePhrase>
    </query>
    <query identifier="108">
        <title>Japanese Protectionist Measures</title>
        <desc>Document will report on Japanese policies or practices which help protect  Japan's domestic market from foreign competition.</desc>
        <NounePhrase weight="0">Document</NounePhrase>
        <NounePhrase weight="0">Japanese policies or practices</NounePhrase>
        <NounePhrase weight="0">which</NounePhrase>
        <NounePhrase weight="0">Japan 's domestic market</NounePhrase>
        <NounePhrase weight="0">foreign competition</NounePhrase>
    </query>
    <query identifier="109">
        <title>Find Innovative Companies</title>
        <desc>Document must refer to one of the following: OTC Ltd., Hi Tech Enterprises, Minnesota Mining and Manufacturing, Integrated Solutions Inc., MIPS Computer Systems Inc., or Ask Computer Systems Inc.</desc>
        <NounePhrase weight="0">Document</NounePhrase>
        <NounePhrase weight="0">one</NounePhrase>
        <NounePhrase weight="0">OTC Ltd.</NounePhrase>
        <NounePhrase weight="0">Tech Enterprises , Minnesota Mining and Manufacturing , Integrated Solutions Inc. , MIPS Computer Systems Inc.</NounePhrase>
        <NounePhrase weight="0">Computer Systems Inc.</NounePhrase>
    </query>
    <query identifier="110">
        <title>Black Resistance Against the South African Government</title>
        <desc>Document will discuss efforts by the black majority in South Africa to  overthrow domination by the white minority government.</desc>
        <NounePhrase weight="0">Document</NounePhrase>
        <NounePhrase weight="0">efforts</NounePhrase>
        <NounePhrase weight="0">black majority</NounePhrase>
        <NounePhrase weight="0">South Africa</NounePhrase>
        <NounePhrase weight="0">domination</NounePhrase>
        <NounePhrase weight="0">white minority government</NounePhrase>
    </query>
    <query identifier="111">
        <title>Nuclear Proliferation</title>
        <desc>Document will discuss efforts by the United Nations or those nations currently possessing nuclear weapons to control the proliferation of nuclear weapons capabilities to the non-nuclear weapons states.</desc>
        <NounePhrase weight="0">Document</NounePhrase>
        <NounePhrase weight="0">efforts</NounePhrase>
        <NounePhrase weight="0">United Nations</NounePhrase>
        <NounePhrase weight="0">nations</NounePhrase>
        <NounePhrase weight="0">nuclear weapons</NounePhrase>
        <NounePhrase weight="0">proliferation</NounePhrase>
        <NounePhrase weight="0">nuclear weapons capabilities</NounePhrase>
        <NounePhrase weight="0">non-nuclear weapons states</NounePhrase>
    </query>
    <query identifier="112">
        <title>Funding Biotechnology</title>
        <desc>Document will provide financial data relative to answering the question, how much money worldwide is being invested in the biotechnology arena?</desc>
        <NounePhrase weight="0">Document</NounePhrase>
        <NounePhrase weight="0">financial data</NounePhrase>
        <NounePhrase weight="0">question</NounePhrase>
        <NounePhrase weight="0">much money worldwide is</NounePhrase>
        <NounePhrase weight="0">biotechnology arena</NounePhrase>
    </query>
    <query identifier="113">
        <title>New Space Satellite Applications</title>
        <desc>Document will report on non-traditional applications of space satellite technology.</desc>
        <NounePhrase weight="0">Document</NounePhrase>
        <NounePhrase weight="0">non-traditional applications</NounePhrase>
        <NounePhrase weight="0">space satellite technology</NounePhrase>
    </query>
    <query identifier="114">
        <title>Non-commercial Satellite Launches</title>
        <desc>Document will provide data on launches worldwide of non-commercial space satellites.</desc>
        <NounePhrase weight="0">Document</NounePhrase>
        <NounePhrase weight="0">data</NounePhrase>
        <NounePhrase weight="0">non-commercial space satellites</NounePhrase>
    </query>
    <query identifier="115">
        <title>Impact of the 1986 Immigration Law</title>
        <desc>Document will report specific consequence(s) of the U.S.'s Immigration Reform and Control Act of 1986.</desc>
        <NounePhrase weight="0">Document</NounePhrase>
        <NounePhrase weight="0">specific consequence</NounePhrase>
        <NounePhrase weight="0">s</NounePhrase>
        <NounePhrase weight="0">U</NounePhrase>
        <NounePhrase weight="0">S</NounePhrase>
        <NounePhrase weight="0">Immigration Reform and Control Act</NounePhrase>
        <NounePhrase weight="0">1986</NounePhrase>
    </query>
    <query identifier="116">
        <title>Generic Drug Substitutions</title>
        <desc>Document will identify a generic drug which can be substituted for a brand  name drug in the treatment of at least one medical condition.</desc>
        <NounePhrase weight="0">Document</NounePhrase>
        <NounePhrase weight="0">generic drug</NounePhrase>
        <NounePhrase weight="0">which</NounePhrase>
        <NounePhrase weight="0">brand name drug</NounePhrase>
        <NounePhrase weight="0">treatment</NounePhrase>
        <NounePhrase weight="0">least one medical condition</NounePhrase>
    </query>
    <query identifier="117">
        <title>Capacity of the U.S. Cellular Telephone Network</title>
        <desc>Document will provide at least one datum which helps build a description, quantification, and evaluation of the capacity of the U.S. cellular telephone network.</desc>
        <NounePhrase weight="0">Document</NounePhrase>
        <NounePhrase weight="0">least one datum</NounePhrase>
        <NounePhrase weight="0">which</NounePhrase>
        <NounePhrase weight="0">description , quantification , and evaluation</NounePhrase>
        <NounePhrase weight="0">capacity</NounePhrase>
        <NounePhrase weight="0">U.S.</NounePhrase>
    </query>
    <query identifier="118">
        <title>International Terrorists</title>
        <desc>Document will provide background information on international terrorist groups or individuals, or detail the activities of such groups or individuals.</desc>
        <NounePhrase weight="0">Document</NounePhrase>
        <NounePhrase weight="0">background information</NounePhrase>
        <NounePhrase weight="0">international terrorist groups or individuals , or detail</NounePhrase>
        <NounePhrase weight="0">activities</NounePhrase>
        <NounePhrase weight="0">such groups or individuals</NounePhrase>
    </query>
    <query identifier="119">
        <title>Actions Against International Terrorists</title>
        <desc>Document will report activities by established political authorities against international terrorists.</desc>
        <NounePhrase weight="0">Document</NounePhrase>
        <NounePhrase weight="0">activities</NounePhrase>
        <NounePhrase weight="0">political authorities</NounePhrase>
        <NounePhrase weight="0">international terrorists</NounePhrase>
    </query>
    <query identifier="120">
        <title>Economic Impact of International Terrorism</title>
        <desc>Document will report on actual or alleged private sector economic consequences of international terrorism.</desc>
        <NounePhrase weight="0">Document</NounePhrase>
        <NounePhrase weight="0">private sector economic consequences</NounePhrase>
        <NounePhrase weight="0">international terrorism</NounePhrase>
    </query>
    <query identifier="121">
        <title>Death from Cancer</title>
        <desc>Document will discuss the life and death of a prominent U.S. person from a specific form of cancer.</desc>
        <NounePhrase weight="0">Document</NounePhrase>
        <NounePhrase weight="0">life and death</NounePhrase>
        <NounePhrase weight="0">prominent U.S.</NounePhrase>
    </query>
    <query identifier="122">
        <title>RDT&amp;E of New Cancer Fighting Drugs</title>
        <desc>Document will report on the research, development, testing, and evaluation (RDT&amp;E) of a new anti-cancer drug developed anywhere in the world.</desc>
        <NounePhrase weight="0">Document</NounePhrase>
        <NounePhrase weight="0">research , development , testing , and evaluation</NounePhrase>
        <NounePhrase weight="0">RDT &amp; E</NounePhrase>
        <NounePhrase weight="0">new anti-cancer drug</NounePhrase>
        <NounePhrase weight="0">world</NounePhrase>
    </query>
    <query identifier="123">
        <title>Research into &amp; Control of Carcinogens</title>
        <desc>Document will report on studies into linkages between environmental factors or chemicals which might cause cancer, and/or it will report on governmental actions to identify, control, or limit exposure to those factors or chemicals which have been shown to be carcinogenic.</desc>
        <NounePhrase weight="0">Document</NounePhrase>
        <NounePhrase weight="0">studies</NounePhrase>
        <NounePhrase weight="0">linkages</NounePhrase>
        <NounePhrase weight="0">environmental factors or chemicals</NounePhrase>
        <NounePhrase weight="0">which</NounePhrase>
        <NounePhrase weight="0">cancer</NounePhrase>
        <NounePhrase weight="0">it</NounePhrase>
        <NounePhrase weight="0">governmental actions</NounePhrase>
        <NounePhrase weight="0">, control , or limit exposure</NounePhrase>
        <NounePhrase weight="0">factors or chemicals</NounePhrase>
        <NounePhrase weight="0">which</NounePhrase>
    </query>
    <query identifier="124">
        <title>Alternatives to Traditional Cancer Therapies</title>
        <desc>Document will report on innovative approaches to preventing or curing cancer.</desc>
        <NounePhrase weight="0">Document</NounePhrase>
        <NounePhrase weight="0">innovative approaches</NounePhrase>
        <NounePhrase weight="0">cancer</NounePhrase>
    </query>
    <query identifier="125">
        <title>Anti-smoking Actions by Government</title>
        <desc>Document will describe actions by public authorities to limit the human use of tobacco.</desc>
        <NounePhrase weight="0">Document</NounePhrase>
        <NounePhrase weight="0">actions</NounePhrase>
        <NounePhrase weight="0">public authorities</NounePhrase>
        <NounePhrase weight="0">human use</NounePhrase>
        <NounePhrase weight="0">tobacco</NounePhrase>
    </query>
    <query identifier="126">
        <title>Medical Ethics and Modern Technology</title>
        <desc>Document will discuss ethical issues attendant to contemporary advances in  medical technology.</desc>
        <NounePhrase weight="0">Document</NounePhrase>
        <NounePhrase weight="0">ethical issues attendant</NounePhrase>
        <NounePhrase weight="0">contemporary advances</NounePhrase>
        <NounePhrase weight="0">medical technology</NounePhrase>
    </query>
    <query identifier="127">
        <title>U.S.-U.S.S.R. Arms Control Agreements</title>
        <desc>Document will report the terms of arms control agreements concluded, under  negotiation, or proposed between the United States and the Soviet Union.</desc>
        <NounePhrase weight="0">Document</NounePhrase>
        <NounePhrase weight="0">terms</NounePhrase>
        <NounePhrase weight="0">arms</NounePhrase>
        <NounePhrase weight="0">agreements</NounePhrase>
        <NounePhrase weight="0">negotiation</NounePhrase>
        <NounePhrase weight="0">United States</NounePhrase>
        <NounePhrase weight="0">Soviet Union</NounePhrase>
    </query>
    <query identifier="128">
        <title>Privatization of State Assets</title>
        <desc>Document discusses a current or future sale to the private sector, by a  government or government entity, of a business, businesses, or shares of a  business owned by the state.</desc>
        <NounePhrase weight="0">Document</NounePhrase>
        <NounePhrase weight="0">current or future sale</NounePhrase>
        <NounePhrase weight="0">private sector</NounePhrase>
        <NounePhrase weight="0">government or government entity</NounePhrase>
        <NounePhrase weight="0">business , businesses , or shares</NounePhrase>
        <NounePhrase weight="0">business</NounePhrase>
        <NounePhrase weight="0">state</NounePhrase>
    </query>
    <query identifier="129">
        <title>Soviet Spying on the U.S.</title>
        <desc>Document will report spying by the USSR within U.S. territory or against U.S. interests overseas.</desc>
        <NounePhrase weight="0">Document</NounePhrase>
        <NounePhrase weight="0">USSR</NounePhrase>
        <NounePhrase weight="0">U.S.</NounePhrase>
    </query>
    <query identifier="130">
        <title>Jewish Emigration and U.S.-USSR Relations</title>
        <desc>Document will report on the issue of Jewish emigration from the Soviet Union  as it impacts on U.S.-Soviet relations.</desc>
        <NounePhrase weight="0">Document</NounePhrase>
        <NounePhrase weight="0">issue</NounePhrase>
        <NounePhrase weight="0">Jewish emigration</NounePhrase>
        <NounePhrase weight="0">Soviet Union</NounePhrase>
        <NounePhrase weight="0">it</NounePhrase>
        <NounePhrase weight="0">U</NounePhrase>
        <NounePhrase weight="0">S</NounePhrase>
        <NounePhrase weight="0">-Soviet relations</NounePhrase>
    </query>
    <query identifier="131">
        <title>McDonnell Douglas Contracts for Military Aircraft</title>
        <desc>Document will identify and quantify a contract awarded to McDonnell Douglas  for production of military aircraft.</desc>
        <NounePhrase weight="0">Document</NounePhrase>
        <NounePhrase weight="0">contract</NounePhrase>
        <NounePhrase weight="0">McDonnell Douglas</NounePhrase>
        <NounePhrase weight="0">production</NounePhrase>
        <NounePhrase weight="0">military aircraft</NounePhrase>
    </query>
    <query identifier="132">
        <title>"Stealth" Aircraft</title>
        <desc>Document will provide cost, technical, and/or performance data on U.S.  "stealth" aircraft projects.</desc>
        <NounePhrase weight="0">Document</NounePhrase>
        <NounePhrase weight="0">cost</NounePhrase>
        <NounePhrase weight="0">or performance data</NounePhrase>
        <NounePhrase weight="0">U.S.</NounePhrase>
    </query>
    <query identifier="133">
        <title>Hubble Space Telescope</title>
        <desc>Document will describe some design feature of the Hubble Space Telescope.</desc>
        <NounePhrase weight="0">Document</NounePhrase>
        <NounePhrase weight="0">design feature</NounePhrase>
        <NounePhrase weight="0">Hubble Space Telescope</NounePhrase>
    </query>
    <query identifier="134">
        <title>The Human Genome Project</title>
        <desc>Document will report on the objectives, processes, and organization of the  human genome project.</desc>
        <NounePhrase weight="0">Document</NounePhrase>
        <NounePhrase weight="0">objectives , processes , and organization</NounePhrase>
        <NounePhrase weight="0">human genome project</NounePhrase>
    </query>
    <query identifier="135">
        <title>Possible Contributions of Gene Mapping to Medicine</title>
        <desc>Document will report on efforts to locate and describe genes linked to  inherited human diseases and/or report on the potential medical  contributions such information might yield.</desc>
        <NounePhrase weight="0">Document</NounePhrase>
        <NounePhrase weight="0">efforts</NounePhrase>
        <NounePhrase weight="0">genes</NounePhrase>
        <NounePhrase weight="0">human diseases</NounePhrase>
        <NounePhrase weight="0">or report</NounePhrase>
        <NounePhrase weight="0">potential medical contributions such information</NounePhrase>
    </query>
    <query identifier="136">
        <title>Diversification by Pacific Telesis</title>
        <desc>Document will report on attempts by Pacific Telesis to diversify beyond its  basic business of providing local telephone service.</desc>
        <NounePhrase weight="0">Document</NounePhrase>
        <NounePhrase weight="0">attempts</NounePhrase>
        <NounePhrase weight="0">Pacific Telesis</NounePhrase>
        <NounePhrase weight="0">its basic business</NounePhrase>
        <NounePhrase weight="0">local telephone service</NounePhrase>
    </query>
    <query identifier="137">
        <title>Expansion in the U.S. Theme Park Industry</title>
        <desc>Document will report on the building of a new or on the expansion/upgrade of  an existing theme park by a U.S. corporation in the United States or overseas.</desc>
        <NounePhrase weight="0">Document</NounePhrase>
        <NounePhrase weight="0">building</NounePhrase>
        <NounePhrase weight="0">expansion</NounePhrase>
        <NounePhrase weight="0">theme park</NounePhrase>
        <NounePhrase weight="0">U.S.</NounePhrase>
    </query>
    <query identifier="138">
        <title>Iranian Support for Lebanese Hostage-takers</title>
        <desc>Document will give data linking Iran to groups in Lebanon which seize and  hold Western hostages.</desc>
        <NounePhrase weight="0">Document</NounePhrase>
        <NounePhrase weight="0">data</NounePhrase>
        <NounePhrase weight="0">Iran</NounePhrase>
        <NounePhrase weight="0">groups</NounePhrase>
        <NounePhrase weight="0">Lebanon</NounePhrase>
        <NounePhrase weight="0">which</NounePhrase>
        <NounePhrase weight="0">Western hostages</NounePhrase>
    </query>
    <query identifier="139">
        <title>Iran's Islamic Revolution - Domestic and Foreign Social</title>
        <desc>Document will report on the religious, legal, cultural, and social  consequences of Iran's Islamic Revolution within Iran and abroad.</desc>
        <NounePhrase weight="0">Document</NounePhrase>
        <NounePhrase weight="0">religious , legal , cultural , and social consequences</NounePhrase>
        <NounePhrase weight="0">Iran 's Islamic Revolution</NounePhrase>
        <NounePhrase weight="0">Iran</NounePhrase>
    </query>
    <query identifier="140">
        <title>Political Impact of Islamic Fundamentalism</title>
        <desc>Document will report on the political impact of Islamic fundamentalism within any nation other than Iran.</desc>
        <NounePhrase weight="0">Document</NounePhrase>
        <NounePhrase weight="0">political impact</NounePhrase>
        <NounePhrase weight="0">Islamic fundamentalism</NounePhrase>
        <NounePhrase weight="0">nation</NounePhrase>
        <NounePhrase weight="0">Iran</NounePhrase>
    </query>
    <query identifier="141">
        <title>Japan's Handling of its Trade Surplus with the U.S.</title>
        <desc>Document will report on Japanese efforts to deal with U.S. complaints  regarding Japan's surplus in bilateral trade.</desc>
        <NounePhrase weight="0">Document</NounePhrase>
        <NounePhrase weight="0">Japanese efforts</NounePhrase>
        <NounePhrase weight="0">U.S.</NounePhrase>
    </query>
    <query identifier="142">
        <title>Impact of Government Regulated Grain Farming on International</title>
        <desc>Document will show how and why national governments supervise and protect  their own growers of grain and/or how these policies impact a nation's  foreign trade and diplomatic relations.</desc>
        <NounePhrase weight="0">Document</NounePhrase>
        <NounePhrase weight="0">national governments</NounePhrase>
        <NounePhrase weight="0">their own growers</NounePhrase>
        <NounePhrase weight="0">grain</NounePhrase>
        <NounePhrase weight="0">policies impact</NounePhrase>
        <NounePhrase weight="0">nation 's foreign trade and diplomatic relations</NounePhrase>
    </query>
    <query identifier="143">
        <title>Why Protect U.S. Farmers?</title>
        <desc>Document will contribute to an analysis of how and why, and at what cost,  the U.S. federal government protects, supports, and controls U.S. farming.</desc>
        <NounePhrase weight="0">Document</NounePhrase>
        <NounePhrase weight="0">analysis</NounePhrase>
        <NounePhrase weight="0">what</NounePhrase>
        <NounePhrase weight="0">U.S.</NounePhrase>
    </query>
    <query identifier="144">
        <title>Management Problems at the United Nations</title>
        <desc>Document will report on alleged corruption, incompetence, or inefficiency in  the management of the United Nation's staff, activities, or specialized  agencies.</desc>
        <NounePhrase weight="0">Document</NounePhrase>
        <NounePhrase weight="0">corruption , incompetence , or inefficiency</NounePhrase>
        <NounePhrase weight="0">management</NounePhrase>
        <NounePhrase weight="0">United Nation 's staff , activities , or specialized agencies</NounePhrase>
    </query>
    <query identifier="145">
        <title>Influence of the "Pro-Israel Lobby"</title>
        <desc>Document will describe how, and how effectively, the so-called "pro-Israel  lobby" operates in the United States.</desc>
        <NounePhrase weight="0">Document</NounePhrase>
        <NounePhrase weight="0">pro-Israel lobby</NounePhrase>
        <NounePhrase weight="0">United States</NounePhrase>
    </query>
    <query identifier="146">
        <title>Negotiating an End to the Nicaraguan Civil War</title>
        <desc>Document will report on the negotiating process leading to an end to the  Nicaraguan civil war.</desc>
        <NounePhrase weight="0">Document</NounePhrase>
        <NounePhrase weight="0">negotiating process</NounePhrase>
        <NounePhrase weight="0">end</NounePhrase>
        <NounePhrase weight="0">Nicaraguan civil war</NounePhrase>
    </query>
    <query identifier="147">
        <title>Productivity Trends in the U.S. Economy</title>
        <desc>Document will provide productivity statistics on the U.S. economy.</desc>
        <NounePhrase weight="0">Document</NounePhrase>
        <NounePhrase weight="0">productivity statistics</NounePhrase>
        <NounePhrase weight="0">U.S.</NounePhrase>
    </query>
    <query identifier="148">
        <title>Conflict in the Horn of Africa</title>
        <desc>Document will report on the Ethiopia-Somalia War, civil wars within those  nations, and/or the movement of refugees fleeing armed conflicts between or  within Ethiopia and Somalia.</desc>
        <NounePhrase weight="0">Document</NounePhrase>
        <NounePhrase weight="0">Ethiopia-Somalia War , civil wars</NounePhrase>
        <NounePhrase weight="0">nations</NounePhrase>
        <NounePhrase weight="0">movement</NounePhrase>
        <NounePhrase weight="0">refugees</NounePhrase>
        <NounePhrase weight="0">conflicts</NounePhrase>
        <NounePhrase weight="0">Ethiopia and Somalia</NounePhrase>
    </query>
    <query identifier="149">
        <title>Industrial Espionage</title>
        <desc>Document will report on industrial espionage.</desc>
        <NounePhrase weight="0">Document</NounePhrase>
        <NounePhrase weight="0">industrial espionage</NounePhrase>
    </query>
    <query identifier="150">
        <title>U.S. Political Campaign Financing</title>
        <desc>Document will report how U.S. politicians finance their election campaigns  and/or moves to "reform" campaign finance practices.</desc>
        <NounePhrase weight="0">Document</NounePhrase>
        <NounePhrase weight="0">U.S.</NounePhrase>
    </query>
</topics>